date,index,mom,yoy,,,,,,
1943m1,0.00000000000092847,,,,,,,,
1943m2,0.00000000000092309,-579,,,,,,,
1943m3,0.00000000000093765,1577,,,,,,,
1943m4,0.00000000000094387,663,,,,,,,
1943m5,0.00000000000093567,-869,,,,,,,
1943m6,0.00000000000093666,106,,,,,,,
1943m7,0.00000000000088379,-5644,,,,,,,
1943m8,0.00000000000089298,1040,,,,,,,
1943m9,0.00000000000088478,-918,,,,,,,
1943m10,0.00000000000089397,1039,,,,,,,
1943m11,0.00000000000089397,0,,,,,,,
1943m12,0.00000000000089115,-316,,,,,,,
1944m1,0.00000000000089737,698,-3350,,,,,,
1944m2,0.00000000000089920,205,-2588,,,,,,
1944m3,0.00000000000090500,645,-3483,,,,,,
1944m4,0.00000000000089482,-1125,-5197,,,,,,
1944m5,0.00000000000089115,-411,-4759,,,,,,
1944m6,0.00000000000090740,1824,-3124,,,,,,
1944m7,0.00000000000090655,-93,2575,,,,,,
1944m8,0.00000000000091942,1419,2960,,,,,,
1944m9,0.00000000000091758,-200,3707,,,,,,
1944m10,0.00000000000092380,678,3336,,,,,,
1944m11,0.00000000000092380,0,3336,,,,,,
1944m12,0.00000000000092564,199,3871,,,,,,
1945m1,0.00000000000099773,7789,11185,,,,,,
1945m2,0.00000000000101682,1913,13080,,,,,,
1945m3,0.00000000000109259,7452,20728,,,,,,
1945m4,0.00000000000109358,91,22212,,,,,,
1945m5,0.00000000000109739,349,23144,,,,,,
1945m6,0.00000000000109796,52,21000,,,,,,
1945m7,0.00000000000111082,1172,22532,,,,,,
1945m8,0.00000000000110079,-904,19726,,,,,,
1945m9,0.00000000000110715,578,20659,,,,,,
1945m10,0.00000000000110799,77,19939,,,,,,
1945m11,0.00000000000110997,179,20153,,,,,,
1945m12,0.00000000000113443,2203,22557,,,,,,
1946m1,0.00000000000121402,7016,21678,,,,,,
1946m2,0.00000000000121585,151,19575,,,,,,
1946m3,0.00000000000125148,2930,14543,,,,,,
1946m4,0.00000000000127311,1728,16417,,,,,,
1946m5,0.00000000000126971,-266,15703,,,,,,
1946m6,0.00000000000129134,1703,17613,,,,,,
1946m7,0.00000000000129417,219,16505,,,,,,
1946m8,0.00000000000128512,-699,16746,,,,,,
1946m9,0.00000000000128696,143,16241,,,,,,
1946m10,0.00000000000131877,2471,19023,,,,,,
1946m11,0.00000000000132442,429,19320,,,,,,
1946m12,0.00000000000134704,1708,18741,,,,,,
1947m1,0.00000000000133545,-861,10002,,,,,,
1947m2,0.00000000000134449,677,10580,,,,,,
1947m3,0.00000000000142662,6109,13995,,,,,,
1947m4,0.00000000000142747,59,12125,,,,,,
1947m5,0.00000000000142903,109,12547,,,,,,
1947m6,0.00000000000149575,4669,15829,,,,,,
1947m7,0.00000000000147935,-1096,14309,,,,,,
1947m8,0.00000000000149292,917,16170,,,,,,
1947m9,0.00000000000149476,123,16147,,,,,,
1947m10,0.00000000000148656,-549,12724,,,,,,
1947m11,0.00000000000150042,932,13288,,,,,,
1947m12,0.00000000000154791,3166,14912,,,,,,
1948m1,0.00000000000152303,-1607,14047,,,,,,
1948m2,0.00000000000151865,-288,12953,,,,,,
1948m3,0.00000000000154608,1806,8373,,,,,,
1948m4,0.00000000000155512,585,8942,,,,,,
1948m5,0.00000000000159357,2472,11514,,,,,,
1948m6,0.00000000000163909,2856,9583,,,,,,
1948m7,0.00000000000163542,-224,10549,,,,,,
1948m8,0.00000000000166906,2057,11798,,,,,,
1948m9,0.00000000000173748,4099,16238,,,,,,
1948m10,0.00000000000174285,309,17240,,,,,,
1948m11,0.00000000000174667,219,16412,,,,,,
1948m12,0.00000000000183968,5325,18849,,,,,,
1949m1,0.00000000000184972,546,21450,,,,,,
1949m2,0.00000000000184506,-252,21493,,,,,,
1949m3,0.00000000000197087,6819,27476,,,,,,
1949m4,0.00000000000206671,4863,32897,,,,,,
1949m5,0.00000000000212679,2907,33460,,,,,,
1949m6,0.00000000000215167,1170,31272,,,,,,
1949m7,0.00000000000219153,1853,34005,,,,,,
1949m8,0.00000000000222899,1709,33548,,,,,,
1949m9,0.00000000000226391,1566,30299,,,,,,
1949m10,0.00000000000232583,2735,33450,,,,,,
1949m11,0.00000000000240061,3215,37439,,,,,,
1949m12,0.00000000000245885,2426,33656,,,,,,
1950m1,0.00000000000241517,-1776,30569,,,,,,
1950m2,0.00000000000247807,2605,34309,,,,,,
1950m3,0.00000000000247892,34,25778,,,,,,
1950m4,0.00000000000253278,2173,22551,,,,,,
1950m5,0.00000000000265322,4755,24752,,,,,,
1950m6,0.00000000000272899,2856,26831,,,,,,
1950m7,0.00000000000272984,31,24563,,,,,,
1950m8,0.00000000000273521,197,22711,,,,,,
1950m9,0.00000000000284364,3964,25607,,,,,,
1950m10,0.00000000000295150,3793,26901,,,,,,
1950m11,0.00000000000294499,-220,22677,,,,,,
1950m12,0.00000000000300253,1954,22111,,,,,,
1951m1,0.00000000000297327,-975,23108,,,,,,
1951m2,0.00000000000306091,2948,23520,,,,,,
1951m3,0.00000000000307010,300,23848,,,,,,
1951m4,0.00000000000334745,9034,32165,,,,,,
1951m5,0.00000000000359710,7458,35575,,,,,,
1951m6,0.00000000000371655,3321,36188,,,,,,
1951m7,0.00000000000374482,761,37181,,,,,,
1951m8,0.00000000000409172,9264,49594,,,,,,
1951m9,0.00000000000401397,-1900,41156,,,,,,
1951m10,0.00000000000413625,3046,40141,,,,,,
1951m11,0.00000000000414982,328,40911,,,,,,
1951m12,0.00000000000451015,8683,50212,,,,,,
1952m1,0.00000000000468629,3905,57614,,,,,,
1952m2,0.00000000000472078,736,54228,,,,,,
1952m3,0.00000000000485861,2920,58256,,,,,,
1952m4,0.00000000000516225,6250,54215,,,,,,
1952m5,0.00000000000524340,1572,45768,,,,,,
1952m6,0.00000000000535196,2071,44004,,,,,,
1952m7,0.00000000000513299,-4091,37069,,,,,,
1952m8,0.00000000000511193,-410,24933,,,,,,
1952m9,0.00000000000528368,3360,31632,,,,,,
1952m10,0.00000000000533740,1017,29040,,,,,,
1952m11,0.00000000000535097,254,28945,,,,,,
1952m12,0.00000000000537020,359,19069,,,,,,
1953m1,0.00000000000530121,-1285,13122,,,,,,
1953m2,0.00000000000560910,5808,18817,,,,,,
1953m3,0.00000000000558266,-471,14903,,,,,,
1953m4,0.00000000000534843,-4196,3606,,,,,,
1953m5,0.00000000000526163,-1623,348,,,,,,
1953m6,0.00000000000525258,-172,-1857,,,,,,
1953m7,0.00000000000529372,783,3131,,,,,,
1953m8,0.00000000000529810,83,3642,,,,,,
1953m9,0.00000000000526163,-688,-417,,,,,,
1953m10,0.00000000000523901,-430,-1843,,,,,,
1953m11,0.00000000000527647,715,-1392,,,,,,
1953m12,0.00000000000533203,1053,-711,,,,,,
1954m1,0.00000000000522700,-1970,-1400,,,,,,
1954m2,0.00000000000521512,-227,-7024,,,,,,
1954m3,0.00000000000522332,157,-6437,,,,,,
1954m4,0.00000000000533118,2065,-322,,,,,,
1954m5,0.00000000000532115,-188,1131,,,,,,
1954m6,0.00000000000540497,1575,2901,,,,,,
1954m7,0.00000000000552541,2228,4377,,,,,,
1954m8,0.00000000000556443,706,5027,,,,,,
1954m9,0.00000000000569971,2431,8326,,,,,,
1954m10,0.00000000000586468,2894,11942,,,,,,
1954m11,0.00000000000592476,1024,12286,,,,,,
1954m12,0.00000000000618571,4404,16010,,,,,,
1955m1,0.00000000000605057,-2185,15756,,,,,,
1955m2,0.00000000000605877,136,16177,,,,,,
1955m3,0.00000000000606725,140,16157,,,,,,
1955m4,0.00000000000615462,1440,15446,,,,,,
1955m5,0.00000000000616281,133,15817,,,,,,
1955m6,0.00000000000619929,592,14696,,,,,,
1955m7,0.00000000000622657,440,12690,,,,,,
1955m8,0.00000000000624777,341,12281,,,,,,
1955m9,0.00000000000629046,683,10365,,,,,,
1955m10,0.00000000000628509,-85,7169,,,,,,
1955m11,0.00000000000628792,45,6130,,,,,,
1955m12,0.00000000000664797,5726,7473,,,,,,
1956m1,0.00000000000656145,-1301,8444,,,,,,
1956m2,0.00000000000651113,-767,7466,,,,,,
1956m3,0.00000000000650109,-154,7151,,,,,,
1956m4,0.00000000000673010,3523,9350,,,,,,
1956m5,0.00000000000698823,3835,13393,,,,,,
1956m6,0.00000000000725922,3878,17098,,,,,,
1956m7,0.00000000000722176,-516,15983,,,,,,
1956m8,0.00000000000718726,-478,15037,,,,,,
1956m9,0.00000000000722713,555,14890,,,,,,
1956m10,0.00000000000731930,1275,16455,,,,,,
1956m11,0.00000000000743253,1547,18203,,,,,,
1956m12,0.00000000000775639,4357,16673,,,,,,
1957m1,0.00000000000767044,-1108,16901,,,,,,
1957m2,0.00000000000772896,763,18704,,,,,,
1957m3,0.00000000000801070,3645,23221,,,,,,
1957m4,0.00000000000822514,2677,22214,,,,,,
1957m5,0.00000000000845556,2801,20997,,,,,,
1957m6,0.00000000000878041,3842,20955,,,,,,
1957m7,0.00000000000894199,1840,23820,,,,,,
1957m8,0.00000000000942248,5373,31100,,,,,,
1957m9,0.00000000000940170,-221,30089,,,,,,
1957m10,0.00000000000950108,1057,29809,,,,,,
1957m11,0.00000000000974012,2516,31047,,,,,,
1957m12,0.00000000000974450,45,25632,,,,,,
1958m1,0.00000000000948637,-2649,23674,,,,,,
1958m2,0.00000000000961770,1384,24437,,,,,,
1958m3,0.00000000000977659,1652,22044,,,,,,
1958m4,0.00000000001019884,4319,23996,,,,,,
1958m5,0.00000000001085716,6455,28403,,,,,,
1958m6,0.00000000001133609,4411,29107,,,,,,
1958m7,0.00000000001174732,3628,31373,,,,,,
1958m8,0.00000000001229297,4645,30464,,,,,,
1958m9,0.00000000001252806,1912,33253,,,,,,
1958m10,0.00000000001290041,2972,35778,,,,,,
1958m11,0.00000000001355590,5081,39176,,,,,,
1958m12,0.00000000001468977,8364,50749,,,,,,
1959m1,0.00000000001729832,17758,82349,,,,,,
1959m2,0.00000000001886885,9079,96189,,,,,,
1959m3,0.00000000002025335,7337,107162,,,,,,
1959m4,0.00000000002192792,8268,115004,,,,,,
1959m5,0.00000000002421544,10432,123037,,,,,,
1959m6,0.00000000002574568,6319,127112,,,,,,
1959m7,0.00000000002653307,3058,125865,,,,,,
1959m8,0.00000000002753603,3780,123998,,,,,,
1959m9,0.00000000002802415,1773,123691,,,,,,
1959m10,0.00000000002819732,618,118577,,,,,,
1959m11,0.00000000002878751,2093,112361,,,,,,
1959m12,0.00000000002961758,2883,101621,,,,,,
1960m1,0.00000000003042914,2740,75908,,,,,,
1960m2,0.00000000003067992,824,62596,,,,,,
1960m3,0.00000000003089917,715,52563,,,,,,
1960m4,0.00000000003086793,-101,40770,,,,,,
1960m5,0.00000000003080531,-203,27213,,,,,,
1960m6,0.00000000003064867,-508,19044,,,,,,
1960m7,0.00000000003093055,920,16574,,,,,,
1960m8,0.00000000003108732,507,12897,,,,,,
1960m9,0.00000000003111870,101,11042,,,,,,
1960m10,0.00000000003136934,805,11249,,,,,,
1960m11,0.00000000003215277,2497,11690,,,,,,
1960m12,0.00000000003509861,9162,18506,,,,,,
1961m1,0.00000000003296758,-6072,8342,,,,,,
1961m2,0.00000000003337498,1236,8784,,,,,,
1961m3,0.00000000003375115,1127,9230,,,,,,
1961m4,0.00000000003450319,2228,11777,,,,,,
1961m5,0.00000000003475383,726,12818,,,,,,
1961m6,0.00000000003522386,1352,14928,,,,,,
1961m7,0.00000000003575665,1513,15603,,,,,,
1961m8,0.00000000003603867,789,15927,,,,,,
1961m9,0.00000000003641483,1044,17019,,,,,,
1961m10,0.00000000003644607,86,16184,,,,,,
1961m11,0.00000000003760566,3182,16959,,,,,,
1961m12,0.00000000004086476,8667,16428,,,,,,
1962m1,0.00000000003923514,-3988,19011,,,,,,
1962m2,0.00000000003979932,1438,19249,,,,,,
1962m3,0.00000000004042598,1575,19777,,,,,,
1962m4,0.00000000004174220,3256,20981,,,,,,
1962m5,0.00000000004318380,3454,24256,,,,,,
1962m6,0.00000000004381046,1451,24377,,,,,,
1962m7,0.00000000004578486,4507,28046,,,,,,
1962m8,0.00000000004638028,1300,28696,,,,,,
1962m9,0.00000000004809542,3698,32076,,,,,,
1962m10,0.00000000004891872,1712,34222,,,,,,
1962m11,0.00000000004866794,-513,29417,,,,,,
1962m12,0.00000000005340003,9723,30675,,,,,,
1963m1,0.00000000005120638,-4108,30512,,,,,,
1963m2,0.00000000005167640,918,29842,,,,,,
1963m3,0.00000000005412069,4730,33876,,,,,,
1963m4,0.00000000005496689,1564,31682,,,,,,
1963m5,0.00000000005496689,0,27286,,,,,,
1963m6,0.00000000005559368,1140,26896,,,,,,
1963m7,0.00000000005643973,1522,23272,,,,,,
1963m8,0.00000000005669051,444,22230,,,,,,
1963m9,0.00000000005756794,1548,19695,,,,,,
1963m10,0.00000000005935420,3103,21332,,,,,,
1963m11,0.00000000006085842,2534,25048,,,,,,
1963m12,0.00000000006612331,8651,23826,,,,,,
1964m1,0.00000000006580977,-474,28519,,,,,,
1964m2,0.00000000006530836,-762,26379,,,,,,
1964m3,0.00000000006512035,-288,20324,,,,,,
1964m4,0.00000000006762740,3850,23033,,,,,,
1964m5,0.00000000006772155,139,23204,,,,,,
1964m6,0.00000000006866160,1388,23506,,,,,,
1964m7,0.00000000006891238,365,22099,,,,,,
1964m8,0.00000000006856760,-500,20951,,,,,,
1964m9,0.00000000006931979,1097,20414,,,,,,
1964m10,0.00000000007204609,3933,21383,,,,,,
1964m11,0.00000000007286090,1131,19722,,,,,,
1964m12,0.00000000007809440,7183,18104,,,,,,
1965m1,0.00000000007521118,-3692,14286,,,,,,
1965m2,0.00000000007884645,4833,20729,,,,,,
1965m3,0.00000000008075808,2424,24014,,,,,,
1965m4,0.00000000008160428,1048,20667,,,,,,
1965m5,0.00000000008335915,2150,23091,,,,,,
1965m6,0.00000000008671239,4023,26289,,,,,,
1965m7,0.00000000009050428,4373,31332,,,,,,
1965m8,0.00000000009250992,2216,34918,,,,,,
1965m9,0.00000000009388877,1490,35443,,,,,,
1965m10,0.00000000009630181,2570,33667,,,,,,
1965m11,0.00000000009978031,3612,36946,,,,,,
1965m12,0.00000000010792812,8166,38202,,,,,,
1966m1,0.00000000010548384,-2265,40250,,,,,,
1966m2,0.00000000010780288,2198,36725,,,,,,
1966m3,0.00000000011015316,2180,36399,,,,,,
1966m4,0.00000000011244097,2077,37788,,,,,,
1966m5,0.00000000011360041,1031,36278,,,,,,
1966m6,0.00000000011457185,855,32129,,,,,,
1966m7,0.00000000011638948,1586,28601,,,,,,
1966m8,0.00000000011773695,1158,27270,,,,,,
1966m9,0.00000000011952334,1517,27303,,,,,,
1966m10,0.00000000012334661,3199,28083,,,,,,
1966m11,0.00000000012622968,2337,26508,,,,,,
1966m12,0.00000000014023767,11097,29936,,,,,,
1967m1,0.00000000013365628,-4693,26708,,,,,,
1967m2,0.00000000013650896,2134,26628,,,,,,
1967m3,0.00000000013951715,2204,26657,,,,,,
1967m4,0.00000000014120925,1213,25585,,,,,,
1967m5,0.00000000014255642,954,25489,,,,,,
1967m6,0.00000000014876221,4353,29842,,,,,,
1967m7,0.00000000015618937,4993,34195,,,,,,
1967m8,0.00000000015672090,340,33111,,,,,,
1967m9,0.00000000015744184,460,31725,,,,,,
1967m10,0.00000000016195552,2867,31301,,,,,,
1967m11,0.00000000016568466,2303,31257,,,,,,
1967m12,0.00000000017859522,7792,27352,,,,,,
1968m1,0.00000000017245305,-3439,29027,,,,,,
1968m2,0.00000000017414516,981,27570,,,,,,
1968m3,0.00000000017301709,-648,24011,,,,,,
1968m4,0.00000000017229614,-417,22015,,,,,,
1968m5,0.00000000017248417,109,20994,,,,,,
1968m6,0.00000000017308210,347,16348,,,,,,
1968m7,0.00000000017298600,-56,10754,,,,,,
1968m8,0.00000000017326872,163,10559,,,,,,
1968m9,0.00000000017568176,1393,11585,,,,,,
1968m10,0.00000000017912817,1962,10603,,,,,,
1968m11,0.00000000017972329,332,8473,,,,,,
1968m12,0.00000000019567459,8875,9563,,,,,,
1969m1,0.00000000018664861,-4613,8232,,,,,,
1969m2,0.00000000018414228,-1343,5741,,,,,,
1969m3,0.00000000018621041,1123,7625,,,,,,
1969m4,0.00000000018639841,101,8185,,,,,,
1969m5,0.00000000018382844,-1379,6577,,,,,,
1969m6,0.00000000018564636,989,7259,,,,,,
1969m7,0.00000000018812162,1333,8750,,,,,,
1969m8,0.00000000018671223,-749,7759,,,,,,
1969m9,0.00000000019019115,1863,8259,,,,,,
1969m10,0.00000000019307352,1516,7785,,,,,,
1969m11,0.00000000019445180,714,8195,,,,,,
1969m12,0.00000000020871097,7333,6662,,,,,,
1970m1,0.00000000019887077,-4715,6548,,,,,,
1970m2,0.00000000020156654,1356,9462,,,,,,
1970m3,0.00000000020416761,1290,9644,,,,,,
1970m4,0.00000000020573390,767,10373,,,,,,
1970m5,0.00000000020725495,739,12744,,,,,,
1970m6,0.00000000020877458,733,12458,,,,,,
1970m7,0.00000000021134314,1230,12344,,,,,,
1970m8,0.00000000021372508,1127,14468,,,,,,
1970m9,0.00000000021808186,2038,14665,,,,,,
1970m10,0.00000000022673038,3966,17432,,,,,,
1970m11,0.00000000023259124,2585,19614,,,,,,
1970m12,0.00000000025408955,9243,21742,,,,,,
1971m1,0.00000000025336860,-284,27404,,,,,,
1971m2,0.00000000026182911,3339,29897,,,,,,
1971m3,0.00000000026458710,1053,29593,,,,,,
1971m4,0.00000000026696906,900,29764,,,,,,
1971m5,0.00000000027345615,2430,31942,,,,,,
1971m6,0.00000000028198027,3117,35064,,,,,,
1971m7,0.00000000029410771,4301,39161,,,,,,
1971m8,0.00000000030181618,2621,41217,,,,,,
1971m9,0.00000000030454303,903,39646,,,,,,
1971m10,0.00000000030767563,1029,35701,,,,,,
1971m11,0.00000000031598207,2700,35853,,,,,,
1971m12,0.00000000035349385,11871,39122,,,,,,
1972m1,0.00000000037192038,5213,46790,,,,,,
1972m2,0.00000000038535680,3613,47179,,,,,,
1972m3,0.00000000040166009,4231,51806,,,,,,
1972m4,0.00000000042124579,4876,57788,,,,,,
1972m5,0.00000000042801560,1607,56521,,,,,,
1972m6,0.00000000045154955,5498,60135,,,,,,
1972m7,0.00000000047395682,4962,61151,,,,,,
1972m8,0.00000000047336168,-126,56838,,,,,,
1972m9,0.00000000048495619,2449,59241,,,,,,
1972m10,0.00000000050842791,4840,65248,,,,,,
1972m11,0.00000000053321714,4876,68749,,,,,,
1972m12,0.00000000058025534,8822,64149,,,,,,
1973m1,0.00000000060708016,4623,63229,,,,,,
1973m2,0.00000000065302275,7568,69459,,,,,,
1973m3,0.00000000070911799,8590,76547,,,,,,
1973m4,0.00000000074080009,4468,75859,,,,,,
1973m5,0.00000000076643458,3460,79067,,,,,,
1973m6,0.00000000074393403,-2936,64751,,,,,,
1973m7,0.00000000074387180,-8,56949,,,,,,
1973m8,0.00000000074982598,800,58404,,,,,,
1973m9,0.00000000075374312,522,55425,,,,,,
1973m10,0.00000000076543238,1551,50549,,,,,,
1973m11,0.00000000077151097,794,44690,,,,,,
1973m12,0.00000000083421769,8128,43767,,,,,,
1974m1,0.00000000078649531,-5721,29554,,,,,,
1974m2,0.00000000079880647,1565,22324,,,,,,
1974m3,0.00000000080830176,1189,13987,,,,,,
1974m4,0.00000000083124058,2838,12208,,,,,,
1974m5,0.00000000085891355,3329,12066,,,,,,
1974m6,0.00000000089181840,3831,19879,,,,,,
1974m7,0.00000000091228763,2295,22640,,,,,,
1974m8,0.00000000092923547,1858,23927,,,,,,
1974m9,0.00000000095994779,3305,27357,,,,,,
1974m10,0.00000000099623676,3780,30153,,,,,,
1974m11,0.00000000103744524,4136,34469,,,,,,
1974m12,0.00000000116875210,12657,40102,,,,,,
1975m1,0.00000000120253751,2891,52898,,,,,,
1975m2,0.00000000125806443,4617,57493,,,,,,
1975m3,0.00000000136009959,8110,68266,,,,,,
1975m4,0.00000000149200430,9698,79491,,,,,,
1975m5,0.00000000155003343,3889,80464,,,,,,
1975m6,0.00000000187771043,21140,110549,,,,,,
1975m7,0.00000000252991161,34734,177315,,,,,,
1975m8,0.00000000309842707,22472,233438,,,,,,
1975m9,0.00000000343327100,10807,257652,,,,,,
1975m10,0.00000000390684773,13794,292161,,,,,,
1975m11,0.00000000425664748,8954,310301,,,,,,
1975m12,0.00000000508360065,19427,334960,,,,,,
1976m1,0.00000000553601520,8899,360361,,,,,,
1976m2,0.00000000658704158,18985,423585,,,,,,
1976m3,0.00000000906186415,37571,566265,,,,,,
1976m4,0.00000001213592071,33923,713397,,,,,,
1976m5,0.00000001360339841,12092,777620,,,,,,
1976m6,0.00000001397503890,2732,644260,,,,,,
1976m7,0.00000001456762799,4240,475816,,,,,,
1976m8,0.00000001537098804,5515,396090,,,,,,
1976m9,0.00000001699353902,10556,394966,,,,,,
1976m10,0.00000001843119080,8460,371766,,,,,,
1976m11,0.00000001989711329,7953,367436,,,,,,
1976m12,0.00000002275163524,14346,347550,,,,,,
1977m1,0.00000002457916182,8033,343987,,,,,,
1977m2,0.00000002660812903,8255,303947,,,,,,
1977m3,0.00000002861603399,7546,215785,,,,,,
1977m4,0.00000003033612472,6011,149970,,,,,,
1977m5,0.00000003230670842,6496,137490,,,,,,
1977m6,0.00000003477729393,7647,148853,,,,,,
1977m7,0.00000003733396525,7352,156280,,,,,,
1977m8,0.00000004156676425,11338,170424,,,,,,
1977m9,0.00000004501556816,8297,164898,,,,,,
1977m10,0.00000005063951036,12493,174749,,,,,,
1977m11,0.00000005521652824,9038,177510,,,,,,
1977m12,0.00000005925326008,7311,160435,,,,,,
1978m1,0.00000006716810930,13358,173273,,,,,,
1978m2,0.00000007133546376,6204,168096,,,,,,
1978m3,0.00000007810670155,9492,172947,,,,,,
1978m4,0.00000008675663565,11075,185985,,,,,,
1978m5,0.00000009429687253,8691,191880,,,,,,
1978m6,0.00000010041785004,6491,188745,,,,,,
1978m7,0.00000010704348341,6598,186719,,,,,,
1978m8,0.00000011540080180,7807,177628,,,,,,
1978m9,0.00000012277706674,6392,172744,,,,,,
1978m10,0.00000013475607830,9757,166109,,,,,,
1978m11,0.00000014660643899,8794,165512,,,,,,
1978m12,0.00000015989162705,9062,169844,,,,,,
1979m1,0.00000018031136051,12771,168448,,,,,,
1979m2,0.00000019373226223,7443,171579,,,,,,
1979m3,0.00000020874631446,7750,167258,,,,,,
1979m4,0.00000022336172378,7002,157458,,,,,,
1979m5,0.00000023881966627,6921,153264,,,,,,
1979m6,0.00000026197329817,9695,160883,,,,,,
1979m7,0.00000028070942903,7152,162239,,,,,,
1979m8,0.00000031285088653,11450,171099,,,,,,
1979m9,0.00000033426718460,6846,172255,,,,,,
1979m10,0.00000034877660937,4341,158821,,,,,,
1979m11,0.00000036670127201,5139,150126,,,,,,
1979m12,0.00000038331697283,4531,139735,,,,,,
1980m1,0.00000041095321990,7210,127913,,,,,,
1980m2,0.00000043292087071,5346,123463,,,,,,
1980m3,0.00000045801260740,5796,119411,,,,,,
1980m4,0.00000048629914318,6176,117718,,,,,,
1980m5,0.00000051443015536,5785,115405,,,,,,
1980m6,0.00000054394649851,5738,107634,,,,,,
1980m7,0.00000056882618082,4574,102639,,,,,,
1980m8,0.00000058829175487,3422,88042,,,,,,
1980m9,0.00000061502328208,4544,83992,,,,,,
1980m10,0.00000066185646119,7615,89765,,,,,,
1980m11,0.00000069281469450,4677,88932,,,,,,
1980m12,0.00000071923528822,3814,87635,,,,,,
1981m1,0.00000075444853564,4896,83585,,,,,,
1981m2,0.00000078597224729,4178,81551,,,,,,
1981m3,0.00000083304576037,5989,81883,,,,,,
1981m4,0.00000089877909204,7891,84820,,,,,,
1981m5,0.00000096649137049,7534,87876,,,,,,
1981m6,0.00000105710432763,9375,94340,,,,,,
1981m7,0.00000116538762995,10243,104876,,,,,,
1981m8,0.00000125769690840,7921,113788,,,,,,
1981m9,0.00000134760307446,7148,119114,,,,,,
1981m10,0.00000142605904330,5822,115463,,,,,,
1981m11,0.00000152882910243,7207,120669,,,,,,
1981m12,0.00000166340566921,8803,131274,,,,,,
1982m1,0.00000186173645034,11923,146768,,,,,,
1982m2,0.00000196012433662,5285,149388,,,,,,
1982m3,0.00000205257492780,4717,146394,,,,,,
1982m4,0.00000213852308661,4187,137936,,,,,,
1982m5,0.00000220397373596,3061,128039,,,,,,
1982m6,0.00000237799008573,7896,124953,,,,,,
1982m7,0.00000276461514659,16258,137227,,,,,,
1982m8,0.00000317074773193,14690,152107,,,,,,
1982m9,0.00000371188116333,17066,175443,,,,,,
1982m10,0.00000418289937443,12689,193319,,,,,,
1982m11,0.00000465745097245,11345,204642,,,,,,
1982m12,0.00000515207602803,10620,209731,,,,,,
1983m1,0.00000597536836722,15980,220957,,,,,,
1983m2,0.00000675427236274,13035,244584,,,,,,
1983m3,0.00000751479956307,11260,266116,,,,,,
1983m4,0.00000828663542052,10271,287493,,,,,,
1983m5,0.00000903726777324,9058,310044,,,,,,
1983m6,0.00001046785018843,15830,340197,,,,,,
1983m7,0.00001177120702778,12451,325781,,,,,,
1983m8,0.00001380116373184,17245,335265,,,,,,
1983m9,0.00001674997292866,21366,351253,,,,,,
1983m10,0.00001959276232810,16972,368401,,,,,,
1983m11,0.00002336147008464,19235,401593,,,,,,
1983m12,0.00002749630584731,17699,433694,,,,,,
1984m1,0.00003094412386417,12539,417861,,,,,,
1984m2,0.00003618865230237,16948,435789,,,,,,
1984m3,0.00004352533142082,20273,479195,,,,,,
1984m4,0.00005158295971341,18513,522484,,,,,,
1984m5,0.00006038981155143,17073,568231,,,,,,
1984m6,0.00007120399823179,17907,580216,,,,,,
1984m7,0.00008422342216363,18285,615504,,,,,,
1984m8,0.00010346278577344,22843,649667,,,,,,
1984m9,0.00013196135114413,27545,687830,,,,,,
1984m10,0.00015746304416098,19325,703680,,,,,,
1984m11,0.00018104221089743,14974,674961,,,,,,
1984m12,0.00021666540123988,19677,687980,,,,,,
1985m1,0.00027113215764984,25139,776199,,,,,,
1985m2,0.00032725284108892,20699,804297,,,,,,
1985m3,0.00041390772094019,26479,850958,,,,,,
1985m4,0.00053590303286910,29474,938915,,,,,,
1985m5,0.00067033816594630,25086,1010019,,,,,,
1985m6,0.00087503023678437,30536,1128906,,,,,,
1985m7,0.00092917185975239,6187,1003223,,,,,,
1985m8,0.00095772696658969,3073,825673,,,,,,
1985m9,0.00097681081388146,1993,640225,,,,,,
1985m10,0.00099575333297253,1939,532373,,,,,,
1985m11,0.00101936073042452,2371,463051,,,,,,
1985m12,0.00105173268821090,3176,385418,,,,,,
1986m1,0.00108353910036385,3024,299635,,,,,,
1986m2,0.00110191619023681,1696,236717,,,,,,
1986m3,0.00115308910608292,4644,178586,,,,,,
1986m4,0.00120765483006835,4732,125350,,,,,,
1986m5,0.00125628337264061,4027,87410,,,,,,
1986m6,0.00131339358631521,4546,50097,,,,,,
1986m7,0.00140231021214277,6770,50920,,,,,,
1986m8,0.00152543641161174,8780,59277,,,,,,
1986m9,0.00163569860160351,7228,67453,,,,,,
1986m10,0.00173479341901839,6058,74219,,,,,,
1986m11,0.00182667863555253,5297,79198,,,,,,
1986m12,0.00191319221630692,4736,81909,,,,,,
1987m1,0.00205822940915823,7581,89954,,,,,,
1987m2,0.00219110981561244,6456,98845,,,,,,
1987m3,0.00237205298617482,8258,105713,,,,,,
1987m4,0.00245121563784778,3337,102973,,,,,,
1987m5,0.00255299615673721,4152,103218,,,,,,
1987m6,0.00275797117501497,8029,109988,,,,,,
1987m7,0.00303645408712327,10097,116532,,,,,,
1987m8,0.00345347146503627,13734,126392,,,,,,
1987m9,0.00385635322891176,11666,135762,,,,,,
1987m10,0.00461122579872608,19575,165808,,,,,,
1987m11,0.00508478796109557,10270,178362,,,,,,
1987m12,0.00525724980980158,3392,174789,,,,,,
1988m1,0.00573505274951458,9088,178640,,,,,,
1988m2,0.00633301399648190,10426,189032,,,,,,
1988m3,0.00726741598919034,14754,206377,,,,,,
1988m4,0.00851988233625889,17234,247578,,,,,,
1988m5,0.00985858030617237,15713,286157,,,,,,
1988m6,0.01162984501570463,17967,321681,,,,,,
1988m7,0.01461258158087730,25647,381238,,,,,,
1988m8,0.01864846423268318,27619,439992,,,,,,
1988m9,0.02082967758178711,11696,440139,,,,,,
1988m10,0.02270272374153137,8992,392336,,,,,,
1988m11,0.02399901114404202,5710,371977,,,,,,
1988m12,0.02564163692295551,6845,387739,,,,,,
1989m1,0.02792887389659882,8920,386985,,,,,,
1989m2,0.03060768172144890,9592,383304,,,,,,
1989m3,0.03581262752413750,17005,392784,,,,,,
1989m4,0.04776336252689362,33370,460611,,,,,,
1989m5,0.08524264395236969,78469,764654,,,,,,
1989m6,0.18282191455364227,114472,1472006,,,,,,
1989m7,0.54231238365173340,196634,3611270,,,,,,
1989m8,0.74763911962509155,37861,3909119,,,,,,
1989m9,0.81758362054824829,9355,3825090,,,,,,
1989m10,0.86332970857620239,5595,3702758,,,,,,
1989m11,0.91961020231246948,6519,3731867,,,,,,
1989m12,1.28812515735626220,40073,4923568,,,,,,
1990m1,2.30838370323181150,79205,8165223,,,,,,
1990m2,3.72966432571411130,61570,12085387,,,,,,
1990m3,7.29245138168334960,95526,20262793,,,,,,
1990m4,8.12179374694824220,11373,16904234,,,,,,
1990m5,9.22696113586425780,13607,10724349,,,,,,
1990m6,10.50931262969970700,13898,5648388,,,,,,
1990m7,11.64698886871337900,10825,2047653,,,,,,
1990m8,13.43336868286132800,15338,1696772,,,,,,
1990m9,15.53936672210693400,15677,1800646,,,,,,
1990m10,16.73440742492675800,7690,1838356,,,,,,
1990m11,17.76869773864746100,6181,1832199,,,,,,
1990m12,18.59960937500000000,4676,1343929,,,,,,
1991m1,20.03153038024902300,7699,767773,,,,,,
1991m2,25.43812370300293000,26990,582049,,,,,,
1991m3,28.24707412719726600,11042,287347,,,,,,
1991m4,29.80364799499511700,5511,266959,,,,,,
1991m5,30.63949012756347700,2804,232065,,,,,,
1991m6,31.59658813476562500,3124,200653,,,,,,
1991m7,32.41526031494140600,2591,178315,,,,,,
1991m8,32.83694458007812500,1301,144443,,,,,,
1991m9,33.41699218750000000,1766,115047,,,,,,
1991m10,33.86839294433593800,1351,102388,,,,,,
1991m11,34.00011444091796900,389,91348,,,,,,
1991m12,34.22084808349609400,649,83987,,,,,,
1992m1,35.26206970214843700,3043,76033,,,,,,
1992m2,36.02162933349609400,2154,41605,,,,,,
1992m3,36.77794265747070300,2100,30201,,,,,,
1992m4,37.25118255615234400,1287,24989,,,,,,
1992m5,37.50190734863281300,673,22397,,,,,,
1992m6,37.79595184326171900,784,19620,,,,,,
1992m7,38.44937133789062500,1729,18615,,,,,,
1992m8,39.02481842041015600,1497,18844,,,,,,
1992m9,39.42823791503906200,1034,17989,,,,,,
1992m10,39.92736053466796900,1266,17890,,,,,,
1992m11,40.11140441894531300,461,17974,,,,,,
1992m12,40.22520065307617200,284,17546,,,,,,
1993m1,40.56002426147460900,832,15025,,,,,,
1993m2,40.85629272460937500,730,13422,,,,,,
1993m3,41.16347122192382800,752,11924,,,,,,
1993m4,41.59376525878906300,1045,11658,,,,,,
1993m5,42.12889099121093800,1287,12338,,,,,,
1993m6,42.43192672729492200,719,12266,,,,,,
1993m7,42.56843185424804700,322,10713,,,,,,
1993m8,42.57525253295898400,16,9098,,,,,,
1993m9,42.92610931396484400,824,8871,,,,,,
1993m10,43.16876602172851600,565,8118,,,,,,
1993m11,43.19344329833984400,57,7684,,,,,,
1993m12,43.18777465820312500,-13,7365,,,,,,
1994m1,43.23126220703125000,101,6586,,,,,,
1994m2,43.22973251342773400,-4,5809,,,,,,
1994m3,43.28998947143554700,139,5166,,,,,,
1994m4,43.39536666870117200,243,4331,,,,,,
1994m5,43.54577636718750000,347,3363,,,,,,
1994m6,43.71429443359375000,387,3022,,,,,,
1994m7,44.11788177490234400,923,3640,,,,,,
1994m8,44.20890426635742200,206,3837,,,,,,
1994m9,44.51147460937500000,684,3693,,,,,,
1994m10,44.65410995483398400,320,3441,,,,,,
1994m11,44.75506973266601600,226,3615,,,,,,
1994m12,44.85239791870117200,217,3854,,,,,,
1995m1,45.41124343872070300,1246,5043,,,,,,
1995m2,45.41000366210937500,-3,5043,,,,,,
1995m3,45.20598220825195300,-449,4426,,,,,,
1995m4,45.41272354125976600,457,4649,,,,,,
1995m5,45.42227172851562500,21,4309,,,,,,
1995m6,45.32872772216796900,-206,3693,,,,,,
1995m7,45.51263046264648400,406,3161,,,,,,
1995m8,45.40233612060546900,-242,2700,,,,,,
1995m9,45.47699356079101600,164,2169,,,,,,
1995m10,45.63160324096679700,340,2189,,,,,,
1995m11,45.52737426757812500,-228,1726,,,,,,
1995m12,45.57351684570312500,101,1608,,,,,,
1996m1,45.71014022827148400,300,658,,,,,,
1996m2,45.56159973144531300,-325,334,,,,,,
1996m3,45.31579589843750000,-539,243,,,,,,
1996m4,45.31649017333984400,2,-212,,,,,,
1996m5,45.27606964111328100,-89,-322,,,,,,
1996m6,45.27724456787109400,3,-114,,,,,,
1996m7,45.52273559570312500,542,22,,,,,,
1996m8,45.48747634887695300,-77,188,,,,,,
1996m9,45.57007217407226600,182,205,,,,,,
1996m10,45.79978942871093700,504,369,,,,,,
1996m11,45.72865295410156300,-155,442,,,,,,
1996m12,45.59827041625976600,-285,54,,,,,,
1997m1,45.81124114990234400,467,221,,,,,,
1997m2,45.98738479614257800,384,935,,,,,,
1997m3,45.76068878173828100,-493,982,,,,,,
1997m4,45.60944747924804700,-331,646,,,,,,
1997m5,45.57159805297851600,-83,653,,,,,,
1997m6,45.67536163330078100,228,879,,,,,,
1997m7,45.77686691284179700,222,558,,,,,,
1997m8,45.85219573974609400,165,802,,,,,,
1997m9,45.83023834228515600,-48,571,,,,,,
1997m10,45.75844192504882800,-157,-90,,,,,,
1997m11,45.67000961303710900,-193,-128,,,,,,
1997m12,45.74782180786132800,170,328,,,,,,
1998m1,46.03538513183593800,629,489,,,,,,
1998m2,46.19590377807617200,349,453,,,,,,
1998m3,46.13787078857421900,-126,824,,,,,,
1998m4,46.14307785034179700,11,1170,,,,,,
1998m5,46.10975646972656300,-72,1181,,,,,,
1998m6,46.19778060913085900,191,1144,,,,,,
1998m7,46.34216690063476600,313,1235,,,,,,
1998m8,46.35152435302734400,20,1089,,,,,,
1998m9,46.33719253540039100,-31,1106,,,,,,
1998m10,46.16766738891601600,-366,894,,,,,,
1998m11,46.05804824829101600,-237,850,,,,,,
1998m12,46.05180740356445300,-14,664,,,,,,
1999m1,46.26890182495117200,471,507,,,,,,
1999m2,46.19457244873046900,-161,-3,,,,,,
1999m3,45.84774017333984400,-751,-629,,,,,,
1999m4,45.80283737182617200,-98,-737,,,,,,
1999m5,45.57732391357421900,-492,-1155,,,,,,
1999m6,45.57455444335937500,-6,-1349,,,,,,
1999m7,45.65926742553710900,186,-1474,,,,,,
1999m8,45.48739242553710900,-376,-1864,,,,,,
1999m9,45.39677047729492200,-199,-2030,,,,,,
1999m10,45.38966751098632800,-16,-1685,,,,,,
1999m11,45.24619674682617200,-316,-1763,,,,,,
1999m12,45.21806335449218800,-62,-1810,,,,,,
2000m1,45.60025787353515600,845,-1445,,,,,,
2000m2,45.60212707519531300,4,-1282,,,,,,
2000m3,45.36118698120117200,-528,-1061,,,,,,
2000m4,45.31018447875976600,-112,-1076,,,,,,
2000m5,45.13406372070312500,-389,-973,,,,,,
2000m6,45.05061340332031300,-185,-1150,,,,,,
2000m7,45.24627304077148400,434,-905,,,,,,
2000m8,45.14892959594726600,-215,-744,,,,,,
2000m9,45.07959747314453100,-154,-699,,,,,,
2000m10,45.16038131713867200,179,-505,,,,,,
2000m11,44.93838500976562500,-492,-680,,,,,,
2000m12,44.88814544677734400,-112,-730,,,,,,
2001m1,44.92424774169921900,80,-1482,,,,,,
2001m2,44.82191467285156300,-228,-1711,,,,,,
2001m3,44.90731811523437500,191,-1001,,,,,,
2001m4,45.20749664306640600,668,-227,,,,,,
2001m5,45.23675537109375000,65,228,,,,,,
2001m6,44.91047286987304700,-721,-311,,,,,,
2001m7,44.76358413696289100,-327,-1067,,,,,,
2001m8,44.60348510742187500,-358,-1208,,,,,,
2001m9,44.56971740722656300,-76,-1131,,,,,,
2001m10,44.37308883666992200,-441,-1743,,,,,,
2001m11,44.22756195068359400,-328,-1582,,,,,,
2001m12,44.19393539428710900,-76,-1547,,,,,,
2002m1,45.20712661743164100,2293,630,,,,,,
2002m2,46.62684631347656300,3140,4027,,,,,,
2002m3,48.47116470336914100,3955,7936,,,,,,
2002m4,53.50666046142578100,10389,18358,,,,,,
2002m5,55.65267562866210900,4011,23025,,,,,,
2002m6,57.66843032836914100,3622,28408,,,,,,
2002m7,59.50727462768554700,3189,32937,,,,,,
2002m8,60.90091323852539100,2342,36538,,,,,,
2002m9,61.72354125976562500,1351,38488,,,,,,
2002m10,61.85845184326171900,219,39405,,,,,,
2002m11,62.17339324951171900,509,40576,,,,,,
2002m12,62.28981399536132800,187,40947,,,,,,
2003m1,63.11158752441406300,1319,39605,,,,,,
2003m2,63.46881103515625000,566,36121,,,,,,
2003m3,63.83931350708007800,584,31706,,,,,,
2003m4,63.87458419799804700,55,19377,,,,,,
2003m5,63.62960433959960900,-384,14333,,,,,,
2003m6,63.57509231567382800,-86,10242,,,,,,
2003m7,63.85742187500000000,444,7310,,,,,,
2003m8,63.87297058105468800,24,4880,,,,,,
2003m9,63.89828109741210900,40,3523,,,,,,
2003m10,64.27494049072265600,589,3906,,,,,,
2003m11,64.43346405029296900,247,3635,,,,,,
2003m12,64.57026672363281200,212,3661,,,,,,
2004m1,64.84169006347656200,420,2741,,,,,,
2004m2,64.90692138671875000,101,2266,,,,,,
2004m3,65.29201507568359400,593,2276,,,,,,
2004m4,65.85222625732421900,858,3096,,,,,,
2004m5,66.33335876464843800,731,4249,,,,,,
2004m6,66.70879364013671900,566,4929,,,,,,
2004m7,67.01624298095703100,461,4947,,,,,,
2004m8,67.24642944335937500,343,5282,,,,,,
2004m9,67.66963958740234400,629,5902,,,,,,
2004m10,67.93746948242187500,396,5698,,,,,,
2004m11,67.93898773193359400,2,5441,,,,,,
2004m12,68.50696563720703100,836,6097,,,,,,
2005m1,69.52488708496093700,1486,7223,,,,,,
2005m2,70.18255615234375000,946,8128,,,,,,
2005m3,71.26741790771484400,1546,9152,,,,,,
2005m4,71.61686706542968700,490,8754,,,,,,
2005m5,72.04709625244140600,601,8614,,,,,,
2005m6,72.70693969726562500,916,8992,,,,,,
2005m7,73.43703460693359400,1004,9581,,,,,,
2005m8,73.75785827636718800,437,9683,,,,,,
2005m9,74.61565399169921900,1163,10265,,,,,,
2005m10,75.19870758056640600,781,10688,,,,,,
2005m11,76.10590362548828100,1206,12021,,,,,,
2005m12,76.95317840576171900,1113,12329,,,,,,
2006m1,77.93498229980468800,1276,12097,,,,,,
2006m2,78.24385833740234400,396,11486,,,,,,
2006m3,79.18698120117187500,1205,11112,,,,,,
2006m4,79.95708465576171900,973,11646,,,,,,
2006m5,80.33128356933593800,468,11498,,,,,,
2006m6,80.72026824951171900,484,11021,,,,,,
2006m7,81.21837615966796900,617,10596,,,,,,
2006m8,81.67524719238281200,563,10734,,,,,,
2006m9,82.40980529785156300,899,10446,,,,,,
2006m10,83.11515808105468800,856,10527,,,,,,
2006m11,83.70332336425781300,708,9983,,,,,,
2006m12,84.52462005615234400,981,9839,,,,,,
2007m1,85.46733093261718800,1115,9665,,,,,,
2007m2,86.03161621093750000,660,9953,,,,,,
2007m3,86.92785644531250000,1042,9775,,,,,,
2007m4,88.89956665039062500,2268,11184,,,,,,
2007m5,90.75177001953125000,2083,12972,,,,,,
2007m6,93.16164398193359400,2655,15413,,,,,,
2007m7,95.53832244873046900,2551,17631,,,,,,
2007m8,98.71164703369140600,3322,20859,,,,,,
2007m9,100.68998718261719000,2004,22182,,,,,,
2007m10,102.13059997558594000,1431,22878,,,,,,
2007m11,101.71900177001953000,-403,21523,,,,,,
2007m12,103.15599822998047000,1413,22043,,,,,,
2008m1,104.43900299072266000,1244,22198,,,,,,
2008m2,106.94300079345703000,2398,24307,,,,,,
2008m3,109.98899841308594000,2848,26529,,,,,,
2008m4,111.73799896240234000,1590,25690,,,,,,
2008m5,113.86299896240234000,1902,25466,,,,,,
2008m6,115.83499908447266000,1732,24338,,,,,,
2008m7,119.55699920654297000,3213,25140,,,,,,
2008m8,121.23000335693359000,1399,22812,,,,,,
2008m9,123.31700134277344000,1722,22472,,,,,,
2008m10,125.83899688720703000,2045,23214,,,,,,
2008m11,126.68699645996094000,674,24546,,,,,,
2008m12,127.29299926757812000,478,23399,,,,,,
2009m1,128.40199279785156000,871,22944,,,,,,
2009m2,127.00900268554687000,-1085,18763,,,,,,
2009m3,129.91200256347656000,2286,18114,,,,,,
2009m4,131.97999572753906000,1592,18116,,,,,,
2009m5,133.66200256347656000,1274,17388,,,,,,
2009m6,134.83599853515625000,878,16404,,,,,,
2009m7,136.40100097656250000,1161,14089,,,,,,
2009m8,141.45199584960937000,3703,16681,,,,,,
2009m9,143.19200134277344000,1230,16117,,,,,,
2009m10,144.67199707031250000,1034,14966,,,,,,
2009m11,146.79699707031250000,1469,15874,,,,,,
2009m12,148.40600585937500000,1096,16586,,,,,,
2010m1,150.35600280761719000,1314,17098,,,,,,
2010m2,153.54699707031250000,2122,20895,,,,,,
2010m3,156.13800048828125000,1687,20188,,,,,,
2010m4,161.51800537109375000,3446,22381,,,,,,
2010m5,164.35600280761719000,1757,22964,,,,,,
2010m6,168.84599304199219000,2732,25223,,,,,,
2010m7,173.04499816894531000,2487,26865,,,,,,
2010m8,176.77400207519531000,2155,24971,,,,,,
2010m9,178.96699523925781000,1241,24984,,,,,,
2010m10,181.51300048828125000,1423,25465,,,,,,
2010m11,184.94799804687500000,1892,25989,,,,,,
2010m12,186.91600036621094000,1064,25949,,,,,,
2011m1,189.69099426269531000,1485,26161,,,,,,
2011m2,192.91299438476562000,1699,25638,,,,,,
2011m3,197.63000488281250000,2445,26574,,,,,,
2011m4,202.29299926757813000,2359,25245,,,,,,
2011m5,206.11700439453125000,1890,25409,,,,,,
2011m6,209.71899414062500000,1748,24207,,,,,,
2011m7,215.40100097656250000,2709,24477,,,,,,
2011m8,219.30499267578125000,1812,24060,,,,,,
2011m9,222.46800231933594000,1442,24307,,,,,,
2011m10,224.56300354003906000,942,23717,,,,,,
2011m11,229.11999511718750000,2029,23883,,,,,,
2011m12,232.42399597167969000,1442,24347,,,,,,
2012m1,236.77600097656250000,1872,24822,,,,,,
2012m2,238.84100341796875000,872,23808,,,,,,
2012m3,247.86099243164062000,3777,25417,,,,,,
2012m4,254.61900329589844000,2727,25866,,,,,,
2012m5,259.21701049804687000,1806,25762,,,,,,
2012m6,263.66299438476562000,1715,25722,,,,,,
2012m7,270.65399169921875000,2651,25651,,,,,,
2012m8,278.05200195312500000,2733,26788,,,,,,
2012m9,282.74301147460937000,1687,27094,,,,,,
2012m10,285.90899658203125000,1120,27318,,,,,,
2012m11,288.71200561523438000,980,26009,,,,,,
2012m12,292.00900268554687000,1142,25636,,,,,,
2013m1,298.01098632812500000,2055,25862,,,,,,
2013m2,297.64401245117187000,-123,24620,,,,,,
2013m3,298.84298706054687000,403,20569,,,,,,
2013m4,300.93798828125000000,701,18191,,,,,,
2013m5,306.48800659179687000,1844,18236,,,,,,
2013m6,318.97299194335937000,4074,20978,,,,,,
2013m7,326.12200927734375000,2241,20494,,,,,,
2013m8,330.94900512695312000,1480,19024,,,,,,
2013m9,336.23800659179687000,1598,18920,,,,,,
2013m10,340.64401245117187000,1310,19144,,,,,,
2013m11,350.53100585937500000,2902,21412,,,,,,
2013m12,362.96200561523437000,3546,24298,,,,,,
2014m1,382.56900024414062000,5402,28374,,,,,,
2014m2,405.23800659179687000,5925,36149,,,,,,
2014m3,417.07299804687500000,2921,39563,,,,,,
2014m4,424.45700073242187000,1770,41045,,,,,,
2014m5,433.84698486328125000,2212,41554,,,,,,
2014m6,440.41299438476562000,1513,38072,,,,,,
2014m7,449.72601318359375000,2115,37901,,,,,,
2014m8,460.89199829101562000,2483,39264,,,,,,
2014m9,471.65499877929687000,2335,40274,,,,,,
2014m10,483.26400756835937000,2461,41868,,,,,,
2014m11,491.53298950195312000,1711,40225,,,,,,
2014m12,499.36700439453125000,1594,37581,,,,,,
2015m1,511.03100585937500000,2336,33579,,,,,,
2015m2,516.35198974609375000,1041,27419,,,,,,
2015m3,527.86499023437500000,2230,26564,,,,,,
2015m4,538.36901855468750000,1990,26837,,,,,,
2015m5,547.59600830078125000,1714,26219,,,,,,
2015m6,559.90399169921875000,2248,27132,,,,,,
2015m7,572.32098388671875000,2218,27260,,,,,,
2015m8,584.32501220703125000,2097,26781,,,,,,
2015m9,594.37597656250000000,1720,26019,,,,,,
2015m10,605.29901123046875000,1838,25252,,,,,,
2015m11,617.57299804687500000,2028,25642,,,,,,
2015m12,638.88397216796875000,3451,27939,,,,,,
2016m1,679.16601562500000000,6305,32901,,,,,,
2016m2,695.47198486328125000,2401,34690,,,,,,
2016m3,715.01300048828125000,2810,35454,,,,,,
2016m4,734.60400390625000000,2740,36450,,,,,,
2016m5,752.58197021484375000,2447,37434,,,,,,
2016m6,764.83697509765625000,1628,36601,,,,,,
2016m7,770.59899902343750000,753,34645,,,,,,
2016m8,794.63000488281250000,3118,35991,,,,,,
2016m9,807.03302001953125000,1561,35778,,,,,,
2016m10,819.43597412109375000,1537,35377,,,,,,
2016m11,834.06097412109375000,1785,35055,,,,,,
2016m12,845.23901367187500000,1340,32299,,,,100,,845.2390136719
2017m1,870.12597656250000000,2944,28117,,1.3,2.9444,101.6,1.5859,858.6436591897
2017m2,876.89898681640625000,778,26087,,2.5,0.7784,103.6859,2.0672,876.3936784768
2017m3,892.99700927734375000,1836,24892,,2.4,1.8358,106.1476,2.3742,897.2009272764
2017m4,910.70898437500000000,1983,23973,,2.6,1.9834,108.9667,2.6558,921.0290603108
2017m5,925.78997802734375000,1656,23015,,1.3,1.6560,110.53,1.4347,934.2426818115
2017m6,939.70001220703125000,1503,22863,,1.4,1.5025,111.8477,1.1922,945.3803962947
2017m7,954.93200683593750000,1621,23921,,1.7,1.6209,113.785,1.7321,961.7552117065
2017m8,973.33801269531250000,1927,22489,,1.5,1.9275,115.3819,1.4034,975.2528335159
2017m9,985.34997558593750000,1234,22095,,2.0,1.2341,117.5719,1.8980,993.7635679153
2017m10,1.00708898925781e+03,2206,22900,,1.3,2.2062,119.3528,1.5147,1008.8164295098
2017m11,1.01741497802734e+03,1025,21983,,1.2,1.0253,120.994,1.3751,1022.6884922022
2017m12,1.03093896484375e+03,1329,21970,,3.4,1.3292,124.795,3.1415,1054.8160271118
2018m1,1.05906994628906e+03,2729,21715,,1.6,2.7287,126.988,1.7573,1073.3521186816
2018m2,1.06984802246094e+03,1018,22004,,2.6,1.0177,130.06,2.4191,1099.3178611816
2018m3,1.09076403808594e+03,1955,22146,,2.5,1.9550,133.1,2.3374,1125.0131271973
2018m4,1.11202099609375e+03,1949,22105,,2.6,1.9488,136.75,2.7423,1155.8643511963
2018m5,1.14877404785156e+03,3305,24086,,1.9,3.3051,139.58,2.0695,1179.7846152832
2018m6,1.18788696289063e+03,3405,26411,,3.9,3.4048,144.8,3.7398,1223.9060917969
2018m7,1.23078198242188e+03,3611,28887,,2.8,3.6110,149.29,3.1008,1261.8573235108
2018m8,1.27339599609375e+03,3462,30828,,4.1,3.4624,155.1,3.8918,1310.9657102051
2018m9,1.42490197753906e+03,11898,44609,,6.6,11.8978,165.24,6.5377,1396.6729461914
2018m10,1.48721301269531e+03,4373,47674,,5.1,4.3730,174.14,5.3861,1471.8992184082
2018m11,1.49286206054688e+03,380,46730.8908152091,46731,2.9,0.3798,179.63,3.1526,1518.3028402588
2018m12,1557.3528826904,432.0,51061.5987752935,51062,2.8,4.3199,184.25,2.5720,1557.3528826904
2019m1,1602.6576938233,290.9,51326.8976651536,51327,2.8,2.9091,189.61,2.9091,1602.6576938233
2019m2,1663.0077593994,376.6,55443.3643363705,55443,3.8,3.7656,196.75,3.7656,1663.0077593994
2019m3,1740.8542725586,468.1,59599.5294833358,59600,4.8,4.6811,205.96,4.6811,1740.8542725586
2019m4,1800.7817186279,344.2,61937.7444269149,61938,3.2,3.4424,213.05,3.4424,1800.7817186279
2019m5,1855.8913023193,306.0,61554.0763468872,61554,3.0,3.0603,219.57,3.0603,1855.8913023193
2019m6,1906.3267142651,271.8,60480.4812089393,60480,2.6,2.7176,225.537,2.7176,1906.3267142651
2019m7,,,,,,,,,
2019m8,,,,,,,,,
2019m9,,,,,,,,,
2019m10,,,,,,,,,
2019m11,,,,,,,,,
2019m12,,,,,,,,,
