Ano4,Mes,TRIMESTRE,Gran Buenos Aires,Cuyo,Noreste,Noroeste,Pampeana,Patag√≥nica
2016,4,2,1514.53,1358.29,1371.62,1333.91,1514.96,1556.96
2016,5,2,1561.35,1398.2,1404.27,1369.37,1562.75,1604.3
2016,6,2,1614.32,1445.22,1447.63,1413.77,1614.33,1661.42
2016,7,3,1666.48,1494.04,1496.21,1458.24,1660.19,1713.67
2016,8,3,1675.05,1496.09,1501.91,1459.38,1662.99,1723.86
2016,9,3,1711.22,1536.29,1540.68,1498.62,1705.31,1767.89
2016,10,4,1739.34,1559,1559.51,1516.82,1731.84,1797.44
2016,11,4,1762.65,1577.67,1573.18,1532.67,1753.27,1819.64
2016,12,4,1766.62,1574.22,1571.59,1526.86,1754.08,1822.96
2017,1,1,1789.15,1595.31,1590.44,1541.73,1777.09,1848.5
2017,2,1,1821.02,1628.44,1620.35,1570.68,1810.32,1882.42
2017,3,1,1876.56,1681.49,1672.78,1623.37,1863.58,1939.76
2017,4,2,1915.47,1713.91,1709.08,1661.21,1901.16,1975.67
2017,5,2,1937.24,1731.7,1729.4,1681.95,1922,1994.94
2017,6,2,1956.42,1747.95,1743.77,1698.68,1940.78,2012.13
2017,7,3,1984.64,1767.82,1761.4,1718.31,1965.17,2034.9
2017,8,3,2021.98,1805.99,1796.81,1756.04,2007.97,2074.38
2017,9,3,2049.39,1830.78,1821.54,1783.48,2037.82,2101.72
2017,10,4,2079.23,1860.27,1851.72,1812.72,2071.1,2137.17
2017,11,4,2125.84,1900.71,1895.81,1852.43,2117.11,2192.85
2017,12,4,2150.29,1920.79,1917.87,1870.58,2141.51,2221.58
2018,1,1,2197.26,1966.81,1960.18,1915.2,2192.22,2271.63
2018,2,1,2261.23,2022.41,2018.25,1969.14,2251.12,2343.56
2018,3,1,2294.56,2048.42,2047.14,1996.75,2277.22,2367.1
2018,4,2,2308.11,2054.73,2054.75,2000.01,2284.59,2373.68
2018,5,2,2418.65,2153.78,2153.6,2088.53,2389.72,2493.43
2018,6,2,2537.45,2265.25,2262.69,2199.69,2508.45,2615.63
2018,7,3,2627.37,2355.98,2349.38,2292.29,2606.91,2710.54
2018,8,3,2701.48,2421.94,2414.6,2361.61,2683.06,2782.76
2018,9,3,2931.88,2622.96,2620.84,2557.36,2901.79,3015.31
2018,10,4,3150.62,2819.87,2810.69,2738.89,3119.33,3242.01
2018,11,4,3276.02,2934.83,2922.84,2844.81,3248.55,3387.27
2018,12,4,3300.17,2942.7,2925.5,2852.75,3269.58,3393.87
2019,1,1,3423.03,3048.81,3033.1,2954.56,3392.7,3521.68
2019,2,1,3597.77,3198.47,3193.74,3111.35,3562.34,3694.36
2019,3,1,3767.01,3342.65,3338.64,3270.34,3726.12,3850.73
2019,4,2,3833.28,3389.35,3386.24,3316.91,3779.39,3906.06
2019,5,2,3911.58,3456.88,3455.83,3382.58,3852.08,3986.32
2019,6,2,4016.09,3571.23,3571.74,3490.67,3969.84,4122.05
