DPTO,NOMDPTO,2001,2002,2003,2004,2005,2006,2007,2008,2009,2010,2011,2012,2013,2014,2015,2016,2017,2018,2019,2020,2021,2022,2023,2024,2025
2001,Comuna 01,223620,225878,228137,230395,232654,234912,237171,239429,241688,243946,245308,246689,248069,249433,250770,252053,253271,254408,255457,256405,257235,257934,258497,258922,259205
2002,Comuna 02,138156,139551,140947,142342,143737,145133,146528,147923,149319,150714,150573,150428,150278,150130,149985,149848,149720,149607,149510,149430,149371,149337,149328,149345,149389
2003,Comuna 03,175381,177153,178924,180695,182467,184238,186009,187780,189552,191323,191536,191750,191963,192171,192375,192573,192763,192945,193115,193276,193425,193560,193682,193790,193884
2004,Comuna 04,215358,217533,219708,221883,224058,226233,228408,230583,232758,234933,235497,236071,236646,237214,237769,238303,238809,239279,239712,240100,240437,240716,240937,241096,241193
2005,Comuna 05,169861,171577,173292,175008,176723,178439,180154,181870,183585,185301,185544,185789,186034,186276,186512,186740,186956,187159,187348,187518,187670,187800,187907,187991,188053
2006,Comuna 06,167794,169489,171183,172878,174573,176267,177962,179657,181351,183046,183309,183576,183843,184105,184363,184611,184846,185067,185271,185456,185620,185760,185875,185964,186028
2007,Comuna 07,217104,219297,221489,223682,225875,228067,230260,232453,234645,236838,237389,237946,238505,239057,239597,240116,240607,241065,241484,241861,242188,242460,242674,242828,242921
2008,Comuna 08,201337,203370,205404,207437,209471,211504,213538,215571,217605,219638,220655,221693,222733,223764,224770,225737,226649,227495,228266,228953,229541,230018,230380,230623,230745
2009,Comuna 09,154626,156188,157749,159311,160873,162434,163996,165558,167119,168681,168964,169248,169533,169814,170087,170353,170605,170842,171062,171264,171444,171600,171733,171839,171921
2010,Comuna 10,155259,156827,158396,159964,161532,163100,164668,166236,167804,169372,169506,169640,169775,169908,170037,170163,170282,170394,170497,170592,170677,170750,170811,170859,170896
2011,Comuna 11,173949,175705,177462,179219,180976,182733,184490,186246,188003,189760,189795,189829,189861,189893,189925,189956,189986,190016,190046,190076,190105,190135,190165,190195,190225
2012,Comuna 12,193712,195669,197625,199581,201538,203494,205451,207407,209364,211320,211699,212082,212467,212846,213218,213576,213914,214229,214518,214777,215002,215189,215335,215442,215505
2013,Comuna 13,215278,217452,219626,221801,223975,226149,228323,230498,232672,234846,235011,235178,235342,235506,235666,235819,235967,236107,236238,236358,236468,236566,236650,236723,236781
2014,Comuna 14,207617,209714,211811,213908,216005,218102,220198,222295,224392,226489,226558,226626,226692,226758,226821,226884,226944,227003,227060,227115,227168,227219,227268,227315,227360
2015,Comuna 15,167086,168774,170461,172149,173836,175524,177211,178899,180586,182274,182295,182315,182335,182354,182372,182390,182409,182427,182445,182465,182485,182506,182528,182551,182574
6028,Almirante Brown,515556,520164,524771,529379,533987,538594,543202,547810,552417,557025,561349,565509,569911,574263,578513,582541,586564,590418,594270,597969,601618,605271,608878,612438,616000
6035,Avellaneda,328980,330844,332707,334571,336434,338298,340161,342025,343888,345752,346847,347924,348999,350080,351165,352246,353273,354314,355352,356392,357440,358512,359550,360583,361532
6091,Berazategui,287913,292157,296401,300645,304889,309133,313377,317621,321865,326109,330277,334458,338647,342682,346658,350578,354447,358262,362021,365771,369294,372889,376431,379921,383458
6260,Esteban Echeverría,243974,250286,256599,262911,269223,275536,281848,288160,294473,300785,308861,316567,323806,331031,337890,344795,351564,358342,364641,370900,377237,383538,389731,395856,402021
6270,Ezeiza,118807,123749,128691,133634,138576,143518,148460,153403,158345,163287,169284,175333,181122,186842,192430,197895,203292,208615,213864,219031,224228,229276,234233,239220,244167
6274,Florencio Varela,348970,357611,366252,374893,383534,392174,400815,409456,418097,426738,436751,446287,455672,464939,473950,482757,491652,500225,508671,517082,525270,533446,541606,549812,557936
6371,General San Martín,403107,404764,406420,408077,409734,411390,413047,414704,416360,418017,418790,419531,420271,421009,421725,422440,423153,423877,424567,425265,425911,426556,427191,427783,428283
6408,Hurlingham,172245,173396,174547,175698,176849,178000,179151,180302,181453,182604,183764,184914,186052,187174,188280,189371,190447,191508,192554,193583,194597,195596,196582,197553,198509
6410,Ituzaingó,158121,159334,160547,161760,162973,164186,165399,166612,167825,169038,170292,171536,172766,173981,175177,176356,177521,178670,179801,180914,182011,182993,183959,184910,185845
6412,José C. Paz,230208,234327,238445,242564,246682,250801,254919,259038,263156,267275,271557,275801,279999,284145,288228,292304,296279,300035,303896,307443,311187,314878,318364,321710,324990
6427,La Matanza,1255288,1313315,1371342,1429369,1487396,1545422,1603449,1661476,1719503,1777530,1830526,1883251,1935394,1986784,2037428,2087359,2136695,2185597,2233860,2281194,2327874,2374149,2419872,2464843,2509547
6434,Lanús,453082,454246,455409,456573,457737,458900,460064,461228,462391,463555,463478,463401,463325,463251,463178,463106,463034,462964,462895,462827,462760,462693,462628,462564,462501
6490,Lomas de Zamora,591345,594689,598033,601377,604721,608064,611408,614752,618096,621440,624289,627150,630029,632842,635593,638287,640916,643437,645880,648312,650678,652937,655122,657218,659249
6515,Malvinas Argentinas,290691,294432,298173,301913,305654,309395,313136,316876,320617,324358,328087,331834,335491,339152,342798,346406,349867,353281,356643,359953,363263,366479,369648,372771,375896
6539,Merlo,469985,476832,483679,490526,497373,504221,511068,517915,524762,531609,539009,546383,554007,561566,569165,576737,584267,591763,599119,606413,613509,620307,626975,633540,639681
6560,Moreno,380503,388716,396928,405141,413353,421566,429778,437991,446203,454416,463151,472015,481041,489912,498713,507403,516093,524675,533292,541691,549930,558068,566103,574034,581729
6568,Morón,309380,311035,312691,314346,316002,317657,319313,320968,322624,324279,323680,323076,322489,321920,321351,320781,320218,319674,319138,318632,318104,317584,317073,316559,316073
6658,Quilmes,518788,526307,533827,541346,548865,556385,563904,571423,578943,586462,594412,602436,610259,618106,626006,633913,641742,649480,657123,664783,672199,679375,686466,693277,699997
6749,San Fernando,151131,152611,154091,155571,157051,158532,160012,161492,162972,164452,165554,166646,167726,168793,169844,170880,171902,172911,173904,174883,175845,176795,177731,178654,179563
6756,San Isidro,291505,291993,292480,292968,293456,293943,294431,294919,295406,295894,295428,294992,294597,294215,293848,293496,293157,292831,292520,292224,291963,291704,291448,291276,291097
6760,San Miguel,253086,255856,258627,261397,264167,266938,269708,272478,275249,278019,280822,283603,286386,289135,291845,294370,296861,299319,301740,304122,306469,308784,311065,313312,315526
6805,Tigre,301223,309589,317955,326320,334686,343052,351418,359783,368149,376515,386131,395623,404649,413442,422108,430660,438906,447040,455056,462998,470776,478432,485999,493467,500615
6840,Tres de Febrero,336467,337230,337994,338757,339521,340284,341048,341811,342575,343338,343441,343537,343617,343701,343792,343877,343917,343961,344011,344067,344117,344172,344221,344296,344354
6861,Vicente López,274082,273894,273706,273518,273330,273141,272953,272765,272577,272389,271677,271078,270598,270139,269705,269294,268897,268509,268064,267655,267257,266880,266538,266203,265885
6007,Adolfo Alsina,16245,16354,16462,16571,16679,16788,16896,17005,17113,17222,17249,17276,17303,17330,17356,17382,17407,17433,17458,17483,17507,17532,17556,17580,17603
6014,Adolfo Gonzáles Chaves,12037,12052,12066,12081,12095,12110,12124,12139,12153,12168,12142,12116,12091,12065,12040,12016,11992,11968,11944,11922,11899,11877,11855,11832,11811
6021,Alberti,10373,10414,10456,10497,10539,10580,10622,10663,10705,10746,10773,10799,10824,10850,10875,10900,10924,10948,10972,10995,11018,11041,11064,11085,11107
6077,Bartolomé Mitre,27279,27498,27717,27937,28156,28375,28594,28814,29033,29252,29473,29690,29905,30117,30326,30532,30735,30936,31133,31328,31520,31709,31895,32078,32259
6042,Ayacucho,19669,19762,19855,19948,20041,20133,20226,20319,20412,20505,20588,20671,20752,20832,20911,20990,21067,21143,21218,21291,21364,21436,21506,21577,21645
6049,Azul,62996,63312,63627,63943,64258,64574,64889,65205,65520,65836,66029,66221,66411,66598,66782,66965,67144,67321,67495,67667,67835,68002,68167,68329,68487
6056,Bahía Blanca,284776,286935,289094,291253,293412,295570,297729,299888,302047,304206,304829,305445,306056,306657,307250,307836,308413,308982,309544,310095,310639,311175,311704,312224,312738
6063,Balcarce,42039,42278,42517,42756,42995,43234,43473,43712,43951,44190,44349,44506,44662,44816,44966,45116,45262,45408,45551,45691,45829,45967,46102,46234,46365
6070,Baradero,29562,29941,30319,30698,31076,31455,31833,32212,32590,32969,33325,33677,34027,34371,34710,35045,35375,35701,36022,36338,36649,36956,37258,37556,37849
6084,Benito Juárez,19443,19553,19662,19772,19881,19991,20100,20210,20319,20429,20440,20450,20461,20472,20482,20493,20503,20513,20523,20532,20542,20551,20561,20570,20579
6098,Berisso,80092,81090,82087,83085,84082,85080,86077,87075,88072,89070,89877,90675,91466,92246,93015,93773,94522,95259,95987,96701,97406,98101,98786,99461,100126
6105,Bolívar,32442,32667,32892,33117,33342,33568,33793,34018,34243,34468,34626,34783,34939,35092,35244,35393,35540,35684,35828,35969,36108,36244,36378,36512,36642
6112,Bragado,40259,40420,40581,40743,40904,41065,41226,41388,41549,41710,41756,41801,41846,41891,41935,41978,42020,42062,42103,42144,42184,42223,42262,42301,42338
6119,Brandsen,22515,22956,23396,23837,24277,24718,25158,25599,26039,26480,26960,27436,27906,28371,28828,29279,29725,30164,30597,31023,31442,31856,32263,32665,33061
6126,Campana,83698,84958,86219,87479,88739,90000,91260,92520,93781,95041,96152,97252,98340,99415,100474,101518,102549,103565,104566,105552,106522,107480,108423,109352,110268
6134,Cañuelas,42575,43629,44683,45736,46790,47844,48898,49951,51005,52059,53205,54342,55468,56579,57673,58752,59817,60867,61903,62921,63923,64913,65888,66849,67795
6140,Capitán Sarmiento,12854,13045,13237,13428,13619,13811,14002,14193,14385,14576,14767,14957,15144,15329,15512,15692,15869,16044,16216,16387,16553,16718,16881,17041,17198
6147,Carlos Casares,21125,21267,21410,21552,21695,21837,21980,22122,22265,22407,22544,22680,22815,22947,23078,23206,23334,23459,23583,23704,23824,23941,24059,24173,24286
6154,Carlos Tejedor,11539,11555,11570,11586,11602,11617,11633,11649,11664,11680,11679,11678,11677,11676,11675,11674,11673,11672,11671,11671,11669,11669,11667,11667,11665
6161,Carmen de Areco,13992,14083,14174,14264,14355,14446,14537,14627,14718,14809,14888,14967,15044,15121,15197,15271,15345,15418,15489,15560,15629,15697,15765,15831,15896
6168,Castelli,7852,7898,7945,7991,8038,8084,8131,8177,8224,8270,8312,8354,8396,8437,8478,8517,8556,8595,8633,8671,8708,8744,8781,8816,8851
6210,Chacabuco,45445,45846,46247,46647,47048,47449,47850,48250,48651,49052,49431,49806,50179,50546,50907,51263,51615,51962,52304,52640,52971,53298,53620,53937,54249
6217,Chascomús,38647,39080,39514,39947,40381,40814,41248,41681,42115,42548,42992,43432,43868,44299,44722,45140,45552,45958,46359,46754,47141,47524,47902,48273,48640
6224,Chivilcoy,60762,61196,61631,62065,62499,62934,63368,63802,64237,64671,65066,65458,65845,66228,66605,66976,67343,67705,68062,68412,68758,69099,69435,69766,70091
6175,Colón,23179,23388,23598,23807,24016,24226,24435,24644,24854,25063,25276,25487,25695,25901,26105,26305,26503,26697,26889,27078,27264,27447,27629,27806,27982
6182,Coronel de Marina L. Rosales,60892,61094,61296,61499,61701,61903,62105,62308,62510,62712,62796,62880,62962,63044,63124,63203,63281,63358,63433,63508,63581,63654,63725,63795,63864
6189,Coronel Dorrego,16522,16464,16406,16347,16289,16231,16173,16114,16056,15998,15911,15829,15747,15668,15589,15511,15435,15359,15285,15212,15141,15070,15000,14931,14864
6196,Coronel Pringles,23794,23726,23657,23589,23521,23452,23384,23316,23247,23179,23068,22965,22861,22760,22659,22561,22463,22368,22273,22180,22089,21999,21910,21823,21737
6203,Coronel Suárez,36828,37028,37228,37428,37628,37828,38028,38228,38428,38628,38812,38988,39163,39336,39506,39673,39838,40001,40162,40320,40474,40627,40778,40927,41073
6231,Daireaux,15857,15985,16114,16242,16371,16499,16628,16756,16885,17013,17138,17263,17387,17508,17629,17747,17863,17979,18093,18204,18314,18422,18530,18635,18738
6238,Dolores,25216,25442,25668,25894,26120,26347,26573,26799,27025,27251,27406,27559,27711,27860,28007,28152,28296,28438,28576,28714,28849,28982,29113,29242,29370
6245,Ensenada,51448,52079,52709,53340,53970,54601,55231,55862,56492,57123,57615,58103,58585,59062,59532,59995,60452,60903,61346,61783,62214,62638,63057,63469,63874
6252,Escobar,178155,182277,186400,190522,194644,198767,202889,207011,211134,215256,218766,223018,227205,231337,235408,239461,243456,247385,251245,255073,258805,262495,266121,269692,273209
6266,Exaltación de la Cruz,24167,24803,25438,26074,26710,27345,27981,28617,29252,29888,30591,31288,31978,32659,33330,33991,34643,35287,35922,36545,37161,37766,38364,38953,39532
6277,Florentino Ameghino,8171,8256,8340,8425,8509,8594,8678,8763,8847,8932,9007,9082,9155,9228,9300,9371,9441,9510,9578,9645,9711,9776,9839,9903,9964
6280,General Alvarado,34391,34996,35601,36206,36811,37417,38022,38627,39232,39837,40293,40744,41191,41632,42066,42494,42917,43334,43744,44149,44546,44938,45326,45707,46083
6287,General Alvear,10897,10934,10972,11009,11047,11084,11122,11159,11197,11234,11260,11286,11311,11336,11361,11385,11410,11433,11456,11480,11503,11524,11546,11568,11590
6294,General Arenales,14876,14894,14913,14931,14950,14968,14987,15005,15024,15042,15044,15047,15048,15050,15052,15054,15056,15058,15059,15061,15062,15064,15066,15068,15070
6301,General Belgrano,15381,15614,15846,16079,16311,16544,16776,17009,17241,17474,17665,17856,18045,18230,18414,18594,18773,18949,19123,19293,19461,19627,19790,19951,20110
6308,General Guido,2771,2779,2787,2794,2802,2810,2818,2825,2833,2841,2847,2852,2857,2862,2867,2872,2877,2882,2887,2892,2897,2901,2906,2910,2915
6315,General Juan Madariaga,18286,18463,18640,18817,18994,19172,19349,19526,19703,19880,20062,20241,20419,20594,20767,20938,21106,21273,21436,21596,21755,21912,22065,22217,22367
6322,General La Madrid,10984,10974,10964,10953,10943,10933,10923,10912,10902,10892,10866,10839,10814,10788,10763,10738,10713,10689,10665,10642,10619,10596,10573,10551,10529
6329,General Las Heras,12799,13039,13278,13518,13757,13997,14236,14476,14715,14955,15215,15472,15727,15978,16226,16469,16710,16948,17182,17412,17639,17863,18083,18300,18514
6336,General Lavalle,3063,3135,3207,3280,3352,3424,3496,3569,3641,3713,3792,3870,3947,4023,4099,4172,4246,4318,4389,4459,4528,4596,4663,4729,4794
6343,General Paz,10319,10427,10536,10644,10752,10861,10969,11077,11186,11294,11343,11392,11441,11489,11536,11583,11629,11674,11719,11763,11806,11849,11891,11932,11973
6351,General Pinto,11129,11155,11181,11207,11233,11259,11285,11311,11337,11363,11379,11394,11409,11423,11438,11452,11467,11481,11494,11508,11521,11534,11547,11560,11573
6357,General Pueyrredón,564056,570760,577463,584167,590870,597574,604277,610981,617684,624388,627723,631064,634372,637637,640855,644055,647215,650332,653406,656456,659462,662430,665357,668242,671085
6364,General Rodríguez,67931,70087,72244,74400,76557,78713,80870,83026,85183,87339,89700,92041,94357,96643,98895,101116,103308,105469,107599,109695,111759,113795,115802,117780,119727
6385,General Viamonte,17641,17707,17772,17838,17904,17969,18035,18101,18166,18232,18288,18343,18397,18451,18505,18556,18608,18659,18709,18758,18807,18855,18903,18949,18995
6392,General Villegas,28960,29197,29434,29671,29908,30144,30381,30618,30855,31092,31324,31555,31784,32009,32232,32451,32667,32880,33090,33297,33501,33701,33899,34094,34286
6399,Guaminí,11257,11330,11404,11477,11551,11624,11698,11771,11845,11918,11988,12058,12127,12195,12263,12329,12394,12458,12522,12584,12646,12707,12766,12825,12883
6406,Hipólito Yrigoyen,8819,8912,9005,9098,9191,9285,9378,9471,9564,9657,9722,9784,9847,9909,9970,10029,10089,10148,10205,10262,10318,10373,10427,10480,10533
6413,Junín,88664,88945,89226,89507,89788,90068,90349,90630,90911,91192,92712,92811,92911,93013,93115,93168,93221,93274,93329,93384,93440,93497,93553,93611,93670
6420,La Costa,60483,61544,62605,63666,64727,65789,66850,67911,68972,70033,70933,71826,72708,73580,74439,75285,76121,76945,77756,78554,79341,80118,80883,81637,82379
6441,La Plata,574369,583836,593304,602771,612238,621706,631173,640640,650108,659575,664746,670477,676195,681831,687378,692779,698164,703504,708733,713947,719013,724010,728912,733741,738505
6448,Laprida,9683,9750,9817,9884,9951,10019,10086,10153,10220,10287,10353,10417,10481,10544,10606,10668,10728,10788,10847,10905,10962,11018,11074,11128,11182
6455,Las Flores,23551,23611,23670,23730,23789,23849,23908,23968,24027,24087,24127,24157,24186,24215,24244,24272,24300,24328,24355,24382,24410,24436,24462,24487,24513
6462,Leandro N. Alem,16358,16423,16488,16553,16618,16682,16747,16812,16877,16942,16995,17047,17099,17150,17200,17250,17300,17348,17396,17442,17489,17534,17580,17624,17667
6469,Lincoln,41127,41247,41366,41486,41606,41725,41845,41965,42084,42204,42216,42227,42238,42248,42259,42270,42281,42291,42302,42312,42323,42333,42342,42353,42363
6476,Lobería,17008,17082,17155,17229,17303,17376,17450,17524,17597,17671,17736,17799,17863,17925,17986,18047,18107,18166,18224,18281,18338,18393,18447,18502,18555
6483,Lobos,33141,33504,33866,34229,34591,34954,35316,35679,36041,36404,36765,37132,37496,37854,38208,38557,38900,39239,39573,39901,40225,40544,40858,41168,41473
6497,Luján,93992,95425,96857,98290,99723,101155,102588,104021,105453,106886,108250,109603,110942,112263,113564,114848,116114,117364,118593,119805,120998,122174,123334,124477,125602
6505,Magdalena,16603,16861,17119,17377,17635,17892,18150,18408,18666,18924,19121,19315,19508,19697,19883,20041,20195,20346,20493,20613,20729,20842,20953,21059,21163
6511,Maipú,10193,10200,10207,10214,10221,10227,10234,10241,10248,10255,10263,10275,10288,10301,10314,10328,10343,10357,10372,10388,10402,10419,10435,10452,10469
6518,Mar Chiquita,17908,18292,18675,19059,19443,19826,20210,20594,20977,21361,21782,22199,22612,23019,23420,23816,24206,24591,24971,25344,25712,26075,26432,26784,27131
6525,Marcos Paz,43400,44615,45830,47046,48261,49476,50691,51907,53122,54337,55618,56887,58145,59385,60607,61811,63001,64174,65329,66466,67586,68691,69780,70853,71909
6532,Mercedes,59870,60302,60734,61166,61598,62031,62463,62895,63327,63759,64184,64607,65025,65437,65844,66245,66640,67030,67415,67793,68165,68532,68895,69252,69603
6547,Monte,17488,17891,18293,18696,19098,19501,19903,20306,20708,21111,21357,21638,21915,22207,22482,22832,23127,23396,23699,23896,24198,24485,24796,25103,25393
6553,Monte Hermoso,5602,5706,5809,5913,6016,6120,6223,6327,6430,6534,6630,6718,6807,6895,6980,7064,7147,7230,7310,7390,7468,7546,7621,7695,7769
6574,Navarro,15797,15951,16105,16259,16413,16568,16722,16876,17030,17184,17293,17399,17505,17609,17712,17815,17914,18013,18110,18206,18301,18394,18485,18575,18665
6581,Necochea,89096,89611,90126,90641,91156,91670,92185,92700,93215,93730,93970,94207,94442,94673,94902,95126,95348,95568,95783,95995,96204,96410,96614,96814,97011
6588,9 de Julio,45998,46237,46476,46715,46954,47194,47433,47672,47911,48150,48217,48283,48347,48413,48475,48539,48601,48661,48721,48780,48838,48896,48952,49008,49063
6595,Olavarría,103961,104914,105866,106819,107771,108724,109676,110629,111581,112534,113339,114137,114926,115706,116473,117230,117977,118715,119441,120154,120858,121552,122236,122911,123574
6602,Patagones,27938,28217,28495,28774,29053,29331,29610,29889,30167,30446,30610,30773,30935,31094,31250,31405,31557,31708,31856,32002,32146,32288,32427,32565,32701
6609,Pehuajó,38400,38590,38780,38970,39160,39349,39539,39729,39919,40109,40249,40389,40527,40664,40798,40930,41060,41189,41316,41441,41564,41686,41805,41923,42039
6616,Pellegrini,6030,6017,6004,5991,5978,5965,5952,5939,5926,5913,5929,5960,5972,5983,5995,6007,6020,6032,6045,6058,6072,6085,6099,6113,6128
6623,Pergamino,99193,99885,100577,101269,101961,102652,103344,104036,104728,105420,105906,106387,106863,107332,107794,108251,108700,109145,109582,110012,110435,110854,111266,111672,112071
6630,Pila,3318,3357,3395,3434,3472,3511,3549,3588,3626,3665,3697,3728,3760,3791,3821,3851,3880,3909,3937,3966,3994,4021,4048,4074,4100
6638,Pilar,232463,239917,247371,254825,262279,269733,277187,284641,292095,299549,307852,316084,324228,332268,340189,347998,355707,363309,370798,378167,385426,392587,399645,406599,413447
6644,Pinamar,20666,21236,21806,22377,22947,23517,24087,24658,25228,25798,26410,27015,27614,28206,28789,29364,29931,30491,31042,31584,32119,32646,33166,33677,34182
6648,Presidente Perón,60191,62522,64852,67183,69513,71844,74174,76505,78835,81166,83780,86372,88936,91467,93960,96420,98847,101239,103597,105918,108203,110457,112680,114868,117024
6651,Puán,16381,16324,16268,16211,16154,16098,16041,15984,15928,15871,15816,15761,15668,15576,15486,15396,15309,15223,15137,15054,14972,14891,14811,14733,14657
6655,Punta Indio,9362,9429,9496,9563,9630,9696,9763,9830,9897,9964,10028,10093,10156,10219,10282,10343,10404,10463,10521,10579,10635,10692,10747,10802,10855
6665,Ramallo,29179,29628,30077,30525,30974,31423,31872,32320,32769,33218,33697,34173,34644,35109,35567,36018,36463,36902,37335,37761,38180,38595,39003,39404,39800
6672,Rauch,14434,14529,14625,14720,14816,14911,15007,15102,15198,15293,15385,15476,15566,15656,15743,15830,15916,16000,16083,16165,16246,16325,16404,16481,16557
6679,Rivadavia,15452,15548,15644,15740,15836,15933,16029,16125,16221,16317,16430,16515,16589,16663,16746,16826,16904,16978,17050,17119,17184,17247,17307,17366,17421
6686,Rojas,22842,22930,23017,23105,23192,23280,23367,23455,23542,23630,23705,23779,23852,23924,23995,24065,24134,24203,24269,24336,24401,24465,24529,24591,24652
6693,Roque Pérez,10902,11065,11227,11390,11552,11715,11877,12040,12202,12365,12535,12692,12848,13000,13151,13298,13444,13587,13726,13863,13998,14129,14259,14386,14511
6700,Saavedra,19715,19849,19982,20116,20250,20383,20517,20651,20784,20918,21028,21135,21242,21346,21449,21551,21651,21750,21847,21943,22037,22130,22221,22311,22400
6707,Saladillo,29600,29902,30204,30506,30808,31109,31411,31713,32015,32317,32627,32936,33241,33542,33839,34131,34420,34705,34985,35261,35533,35802,36066,36326,36583
6714,Salto,29189,29595,30001,30406,30812,31218,31624,32029,32435,32841,33260,33676,34087,34494,34894,35288,35678,36061,36440,36812,37179,37541,37897,38248,38594
6721,Salliqueló,8682,8686,8689,8693,8696,8700,8703,8707,8710,8714,8721,8730,8740,8750,8760,8769,8779,8789,8799,8810,8819,8829,8840,8850,8860
6728,San Andrés de Giles,20829,21089,21349,21609,21869,22128,22388,22648,22908,23168,23440,23709,23976,24240,24500,24755,25008,25257,25502,25744,25981,26216,26448,26675,26899
6735,San Antonio de Areco,21333,21551,21769,21988,22206,22424,22642,22861,23079,23297,23504,23708,23910,24111,24307,24501,24693,24882,25068,25251,25431,25610,25785,25957,26128
6742,San Cayetano,8119,8158,8197,8236,8275,8313,8352,8391,8430,8469,8503,8537,8571,8605,8638,8671,8704,8734,8766,8797,8827,8857,8887,8915,8945
6763,San Nicolás,137867,138879,139891,140903,141915,142928,143940,144952,145964,146976,147855,148727,149589,150441,151279,152106,152922,153728,154520,155301,156069,156827,157575,158311,159037
6770,San Pedro,55234,55704,56174,56645,57115,57585,58055,58526,58996,59466,59911,60352,60788,61219,61644,62061,62474,62881,63283,63677,64066,64450,64827,65200,65567
6778,San Vicente,44529,46194,47858,49523,51187,52852,54516,56181,57845,59510,61374,63222,65051,66856,68634,70388,72118,73825,75506,77161,78791,80398,81983,83544,85082
6784,Suipacha,8904,9041,9177,9314,9451,9587,9724,9861,9997,10134,10280,10424,10567,10707,10846,10983,11117,11250,11382,11510,11637,11763,11886,12008,12128
6791,Tandil,108109,109945,111781,113616,115452,117288,119124,120959,122795,124631,126170,127689,129214,130718,132199,133659,135101,136522,137922,139300,140657,141996,143314,144614,145893
6798,Tapalqué,8296,8401,8505,8610,8715,8819,8924,9029,9133,9238,9330,9421,9510,9598,9686,9772,9856,9940,10022,10103,10183,10262,10340,10416,10491
6812,Tordillo,1742,1746,1750,1755,1759,1763,1767,1772,1776,1780,1783,1785,1788,1791,1794,1796,1799,1801,1804,1807,1809,1812,1814,1816,1818
6819,Tornquist,11759,11876,11993,12109,12226,12343,12460,12576,12693,12810,12929,13048,13165,13281,13395,13507,13619,13728,13836,13942,14047,14150,14251,14352,14450
6826,Trenque Lauquen,40181,40530,40880,41229,41579,41928,42278,42627,42977,43326,43676,44025,44369,44708,45043,45373,45699,46019,46336,46648,46954,47256,47554,47849,48137
6833,Tres Arroyos,57244,57272,57300,57328,57356,57385,57413,57441,57469,57497,57502,57510,57520,57533,57543,57556,57572,57590,57611,57634,57660,57689,57720,57754,57789
6847,Tres Lomas,7439,7547,7655,7762,7870,7978,8086,8193,8301,8409,8471,8508,8562,8600,8646,8686,8726,8764,8801,8837,8872,8906,8939,8971,9002
6854,25 de Mayo,34877,35018,35160,35301,35442,35584,35725,35866,36008,36149,36247,36343,36439,36533,36627,36718,36808,36897,36985,37071,37156,37240,37323,37405,37485
6868,Villa Gesell,24282,25122,25963,26803,27643,28484,29324,30164,31005,31845,32499,33147,33788,34421,35044,35660,36266,36865,37454,38034,38606,39170,39726,40273,40812
6875,Villarino,26517,27033,27549,28065,28581,29098,29614,30130,30646,31162,31710,32251,32784,33312,33830,34341,34847,35344,35834,36315,36790,37258,37719,38172,38619
6882,Zárate,101271,102792,104312,105833,107354,108874,110395,111916,113436,114957,116345,117720,119081,120425,121748,123054,124342,125613,126865,128096,129309,130506,131686,132848,133993
10007,Ambato,4525,4533,4541,4550,4558,4566,4574,4583,4591,4599,4602,4606,4610,4614,4617,4621,4625,4628,4631,4634,4638,4641,4645,4648,4651
10014,Ancasti,3082,3074,3066,3058,3050,3043,3035,3027,3019,3011,3001,2991,2981,2973,2963,2953,2944,2935,2926,2916,2908,2899,2890,2882,2874
10021,Andalgalá,17102,17273,17443,17614,17784,17955,18125,18296,18466,18637,18775,18912,19048,19183,19319,19453,19586,19718,19848,19976,20102,20225,20346,20465,20579
10028,Antofagasta de la Sierra,1282,1304,1325,1347,1368,1390,1411,1433,1454,1476,1494,1512,1530,1548,1566,1584,1602,1620,1637,1653,1670,1687,1703,1718,1734
10035,Belén,25475,25822,26169,26516,26863,27210,27557,27904,28251,28598,28885,29171,29457,29742,30024,30305,30584,30859,31131,31399,31663,31921,32175,32421,32660
10042,Capayán,14137,14400,14663,14926,15189,15453,15716,15979,16242,16505,16727,16950,17171,17392,17611,17829,18045,18258,18470,18678,18882,19082,19278,19469,19654
10049,Capital,141260,143768,146276,148784,151292,153799,156307,158815,161323,163831,165837,167839,169833,171818,173792,175753,177700,179628,181531,183406,185250,187057,188824,190547,192221
10056,El Alto,3400,3430,3460,3491,3521,3551,3581,3612,3642,3672,3696,3719,3744,3767,3790,3812,3836,3858,3881,3903,3924,3945,3966,3987,4007
10063,Fray Mamerto Esquiú,10658,10830,11003,11175,11347,11520,11692,11864,12037,12209,12353,12496,12640,12782,12924,13064,13204,13342,13479,13614,13745,13875,14001,14125,14246
10070,La Paz,21061,21306,21550,21795,22039,22284,22528,22773,23017,23262,23462,23660,23859,24057,24253,24448,24641,24834,25023,25209,25392,25572,25748,25918,26085
10077,Paclin,4290,4293,4295,4298,4301,4303,4306,4309,4311,4314,4314,4313,4312,4311,4310,4310,4309,4308,4307,4307,4305,4305,4304,4303,4302
10084,Poman,9543,9711,9880,10048,10216,10385,10553,10721,10890,11058,11200,11342,11482,11622,11761,11900,12037,12173,12307,12439,12569,12696,12821,12942,13060
10091,Santa María,22127,22246,22365,22485,22604,22723,22842,22962,23081,23200,23287,23374,23460,23546,23633,23718,23802,23886,23969,24050,24130,24209,24286,24361,24434
10098,Santa Rosa,10349,10570,10792,11013,11235,11456,11678,11899,12121,12342,12529,12715,12901,13086,13270,13452,13633,13812,13990,14165,14336,14504,14668,14829,14985
10105,Tinogasta,22570,22621,22672,22723,22774,22826,22877,22928,22979,23030,23058,23086,23113,23141,23167,23195,23221,23249,23275,23301,23326,23351,23375,23399,23421
10112,Valle Viejo,23707,24176,24646,25115,25585,26054,26524,26993,27463,27932,28328,28722,29115,29506,29895,30281,30664,31044,31419,31788,32151,32507,32855,33194,33525
14007,Calamuchita,45418,46514,47610,48705,49801,50897,51993,53088,54184,55280,56687,58121,59583,61071,62584,64122,65685,67272,68881,70512,72164,73837,75530,77241,78970
14014,Capital,1284582,1294138,1303694,1313250,1322806,1332361,1341917,1351473,1361029,1370585,1379518,1388374,1397130,1405753,1414201,1422453,1430554,1438492,1446201,1453684,1460905,1467867,1474541,1481028,1487310
14021,Colón,171067,177430,183793,190155,196518,202881,209244,215606,221969,228332,235051,241916,248927,256076,263380,270852,278434,286115,293944,301889,309982,318211,326575,334971,343397
14028,Cruz del Eje,52172,52910,53649,54387,55125,55864,56602,57340,58079,58817,59780,60751,61728,62711,63697,64686,65679,66671,67664,68656,69645,70632,71615,72593,73564
14035,General Roca,33323,33649,33976,34302,34628,34955,35281,35607,35934,36260,36703,37147,37589,38032,38472,38910,39345,39776,40203,40626,41043,41454,41859,42257,42647
14042,General San Martín,116107,117483,118859,120235,121611,122987,124363,125739,127115,128491,130104,131720,133335,134949,136555,138155,139746,141326,142892,144441,145973,147485,148975,150443,151884
14049,Ischilín,30105,30380,30655,30930,31205,31481,31756,32031,32306,32581,32958,33335,33712,34088,34460,34830,35197,35562,35920,36276,36625,36968,37307,37637,37961
14056,Juárez Celman,55348,55996,56645,57293,57941,58590,59238,59886,60535,61183,62044,62908,63775,64643,65511,66377,67242,68103,68960,69812,70658,71496,72326,73147,73958
14063,Marcos Juárez,99761,100431,101100,101770,102439,103109,103778,104448,105117,105787,106757,107724,108682,109631,110567,111490,112398,113291,114165,115019,115851,116662,117448,118209,118945
14070,Minas,4881,4887,4893,4898,4904,4910,4916,4921,4927,4933,4951,4968,4985,5000,5016,5029,5042,5054,5065,5075,5083,5090,5097,5101,5104
14077,Pocho,5132,5166,5199,5233,5266,5300,5333,5367,5400,5434,5472,5509,5545,5581,5617,5651,5684,5716,5747,5778,5806,5834,5860,5885,5908
14084,Presidente Roque Sáenz Peña,34647,34901,35156,35410,35664,35919,36173,36427,36682,36936,37299,37660,38018,38374,38725,39073,39415,39753,40084,40409,40727,41037,41340,41633,41918
14091,Punilla,155124,157714,160305,162895,165486,168076,170667,173257,175848,178438,181781,185161,188574,192018,195488,198982,202497,206031,209578,213136,216702,220275,223850,227422,230989
14098,Río Cuarto,229728,232177,234626,237075,239524,241974,244423,246872,249321,251770,254454,257133,259801,262452,265081,267685,270261,272804,275310,277775,280194,282566,284887,287152,289359
14105,Río Primero,42429,42940,43451,43962,44473,44985,45496,46007,46518,47029,47706,48385,49068,49751,50435,51118,51800,52481,53159,53832,54501,55165,55825,56476,57120
14112,Río Seco,12635,12762,12889,13016,13143,13271,13398,13525,13652,13779,13952,14125,14299,14472,14644,14816,14987,15158,15326,15494,15659,15822,15984,16143,16300
14119,Río Segundo,95803,96710,97617,98524,99431,100338,101245,102152,103059,103966,105202,106438,107674,108905,110130,111347,112554,113752,114937,116106,117259,118396,119514,120611,121685
14126,San Alberto,32395,32909,33423,33937,34451,34965,35479,35993,36507,37021,37687,38361,39040,39724,40414,41107,41804,42504,43206,43908,44613,45317,46021,46725,47426
14133,San Javier,48951,49472,49993,50514,51035,51556,52077,52598,53119,53640,54302,54964,55625,56286,56944,57598,58249,58894,59534,60165,60790,61406,62013,62609,63195
14140,San Justo,190182,192037,193891,195746,197601,199455,201310,203165,205019,206874,209103,211328,213545,215749,217935,220101,222244,224361,226448,228501,230517,232495,234432,236323,238167
14147,Santa María,86083,87560,89037,90514,91991,93469,94946,96423,97900,99377,101266,103177,105108,107058,109023,111002,112995,114999,117013,119033,121060,123090,125124,127158,129189
14154,Sobremonte,4531,4554,4576,4599,4622,4644,4667,4690,4712,4735,4771,4807,4841,4875,4908,4941,4973,5003,5034,5063,5091,5118,5144,5168,5191
14161,Tercero Arriba,107460,108070,108679,109289,109899,110508,111118,111728,112337,112947,113867,114778,115680,116570,117444,118302,119143,119964,120764,121541,122294,123022,123723,124397,125040
14168,Totoral,16479,16712,16945,17177,17410,17643,17876,18108,18341,18574,18879,19186,19495,19805,20117,20430,20744,21058,21372,21686,22000,22312,22623,22933,23241
14175,Tulumba,12211,12294,12377,12460,12543,12626,12709,12792,12875,12958,13079,13198,13317,13435,13552,13667,13781,13892,14001,14108,14213,14314,14413,14510,14603
14182,Unión,100247,101030,101814,102597,103381,104164,104948,105731,106515,107298,108400,109499,110593,111678,112754,113816,114868,115905,116924,117925,118906,119867,120804,121717,122606
18007,Bella Vista,35350,35660,35970,36280,36590,36901,37211,37521,37831,38141,38494,38848,39201,39555,39905,40252,40597,40938,41271,41599,41918,42229,42532,42827,43110
18014,Berón de Astrada,2294,2319,2345,2370,2396,2421,2447,2472,2498,2523,2553,2583,2613,2643,2673,2702,2732,2761,2789,2817,2844,2870,2896,2921,2945
18021,Capital,328868,333105,337342,341579,345816,350054,354291,358528,362765,367002,371478,375966,380449,384925,389369,393790,398163,402483,406728,410878,414927,418880,422722,426443,430053
18028,Concepción,18411,18764,19117,19470,19823,20175,20528,20881,21234,21587,22019,22452,22884,23315,23745,24171,24592,25010,25419,25819,26209,26590,26961,27321,27669
18035,Curuzú Cuatiá,42075,42457,42839,43222,43604,43986,44368,44751,45133,45515,45959,46404,46848,47291,47732,48169,48603,49031,49452,49862,50264,50656,51036,51406,51763
18042,Empedrado,14721,14809,14897,14986,15074,15162,15250,15339,15427,15515,15610,15703,15798,15892,15986,16078,16171,16261,16351,16437,16523,16606,16686,16765,16841
18049,Esquina,30372,30513,30655,30796,30937,31079,31220,31361,31503,31644,31788,31933,32078,32223,32366,32508,32649,32788,32925,33059,33191,33318,33441,33563,33678
18056,General Alvear,8147,8148,8149,8151,8152,8153,8154,8156,8157,8158,8156,8152,8149,8146,8143,8139,8137,8134,8131,8128,8127,8124,8122,8121,8119
18063,General Paz,14775,14828,14881,14934,14987,15039,15092,15145,15198,15251,15299,15349,15398,15446,15495,15544,15592,15638,15685,15730,15774,15817,15860,15901,15940
18070,Goya,87349,87904,88459,89015,89570,90125,90680,91236,91791,92346,92945,93545,94145,94743,95338,95928,96513,97091,97658,98213,98754,99283,99797,100296,100778
18077,Itatí,8774,8845,8915,8986,9056,9127,9197,9268,9338,9409,9491,9573,9654,9735,9817,9897,9977,10055,10132,10208,10282,10353,10424,10491,10557
18084,Ituzaingó,30565,30725,30884,31044,31203,31363,31522,31682,31841,32001,32170,32339,32510,32679,32847,33014,33180,33344,33505,33661,33815,33964,34110,34251,34388
18091,Lavalle,26250,26606,26963,27319,27676,28032,28389,28745,29102,29458,29881,30306,30730,31153,31574,31992,32407,32815,33216,33609,33993,34366,34731,35083,35424
18098,Mburucuyá,9012,9066,9121,9175,9229,9284,9338,9392,9447,9501,9559,9617,9675,9734,9791,9849,9906,9962,10017,10071,10124,10176,10226,10274,10321
18105,Mercedes,39206,39488,39769,40051,40333,40614,40896,41178,41459,41741,42051,42361,42670,42980,43287,43592,43895,44193,44486,44773,45052,45326,45591,45849,46098
18112,Monte Caseros,33684,34079,34473,34868,35263,35657,36052,36447,36841,37236,37706,38179,38651,39122,39590,40054,40515,40970,41417,41854,42279,42696,43100,43492,43871
18119,Paso de los Libres,46326,46724,47122,47521,47919,48317,48715,49114,49512,49910,50322,50735,51149,51561,51971,52377,52780,53179,53570,53952,54326,54690,55044,55387,55720
18126,Saladas,21470,21621,21772,21924,22075,22226,22377,22529,22680,22831,22998,23165,23333,23498,23664,23829,23991,24152,24310,24464,24615,24762,24905,25044,25179
18133,San Cosme,13189,13360,13532,13703,13875,14046,14218,14389,14561,14732,14936,15140,15346,15551,15753,15955,16156,16352,16546,16736,16921,17102,17278,17447,17613
18140,San Luis del Palmar,16513,16682,16851,17020,17189,17357,17526,17695,17864,18033,18227,18420,18614,18806,18999,19188,19377,19563,19746,19925,20100,20270,20435,20596,20752
18147,San Martín,12236,12373,12510,12646,12783,12920,13057,13193,13330,13467,13629,13790,13952,14114,14275,14433,14592,14747,14901,15051,15197,15340,15478,15613,15742
18154,San Miguel,10252,10319,10386,10453,10520,10588,10655,10722,10789,10856,10926,10996,11066,11136,11205,11274,11343,11410,11475,11540,11604,11665,11725,11783,11840
18161,San Roque,17951,18052,18154,18255,18356,18458,18559,18660,18762,18863,18968,19072,19178,19282,19386,19489,19591,19692,19791,19888,19983,20075,20165,20252,20336
18168,Santo Tomé,54050,55013,55977,56940,57904,58867,59831,60794,61758,62721,63784,64850,65915,66978,68035,69084,70123,71150,72157,73143,74106,75045,75957,76843,77699
18175,Sauce,9151,9166,9182,9197,9213,9228,9244,9259,9275,9290,9299,9308,9319,9328,9337,9347,9356,9365,9374,9384,9392,9401,9409,9417,9424
22007,Almirante Brown,29086,29716,30346,30977,31607,32237,32867,33498,34128,34758,35574,36392,37211,38029,38844,39654,40457,41254,42039,42810,43567,44310,45038,45749,46444
22014,Bermejo,24215,24377,24539,24701,24863,25025,25187,25349,25511,25673,25865,26060,26254,26447,26641,26833,27024,27212,27398,27581,27761,27937,28110,28278,28443
22028,Chacabuco,27813,28197,28582,28966,29350,29735,30119,30503,30888,31272,31757,32244,32732,33220,33704,34186,34666,35140,35607,36066,36517,36960,37393,37816,38231
22021,Comandante Fernández,88164,89378,90593,91807,93022,94236,95451,96665,97880,99094,100644,102201,103761,105318,106868,108409,109942,111457,112951,114419,115861,117275,118660,120015,121338
22036,12 de Octubre,20149,20441,20733,21026,21318,21610,21902,22195,22487,22779,23137,23495,23854,24214,24570,24925,25278,25626,25970,26309,26640,26966,27285,27597,27901
22039,2 de Abril,7435,7461,7487,7513,7539,7566,7592,7618,7644,7670,7688,7709,7732,7754,7777,7799,7822,7844,7866,7888,7909,7931,7952,7972,7993
22043,Fray Justo Santa María de Oro,10485,10662,10839,11016,11193,11371,11548,11725,11902,12079,12310,12542,12773,13005,13236,13466,13694,13920,14142,14361,14575,14786,14992,15193,15391
22049,General Belgrano,10470,10666,10863,11059,11256,11452,11649,11845,12042,12238,12491,12746,13000,13255,13509,13759,14011,14257,14502,14741,14977,15208,15435,15656,15872
22056,General Donovan,13385,13436,13487,13537,13588,13639,13690,13740,13791,13842,13890,13937,13985,14033,14081,14128,14174,14221,14266,14311,14355,14398,14440,14481,14522
22063,General Güemes,62227,62945,63663,64382,65100,65818,66536,67255,67973,68691,69580,70472,71364,72256,73143,74025,74902,75769,76624,77464,78289,79099,79891,80666,81424
22070,Independencia,20620,20876,21132,21389,21645,21901,22157,22414,22670,22926,23238,23553,23867,24181,24493,24804,25113,25418,25719,26014,26305,26589,26868,27141,27408
22077,Libertad,10822,10999,11177,11354,11532,11709,11887,12064,12242,12419,12648,12878,13109,13340,13569,13796,14023,14247,14469,14685,14898,15107,15312,15513,15709
22084,Libertador General San Martín,54470,55140,55810,56480,57150,57819,58489,59159,59829,60499,61340,62185,63029,63874,64714,65549,66379,67199,68009,68805,69585,70352,71102,71836,72552
22091,Maipú,24747,24881,25014,25148,25282,25415,25549,25683,25816,25950,26067,26196,26324,26450,26574,26694,26812,26925,27033,27136,27234,27327,27414,27495,27571
22098,Mayor Luis J. Fontana,53550,53873,54196,54519,54842,55166,55489,55812,56135,56458,56823,57187,57552,57916,58279,58640,58997,59351,59701,60044,60381,60712,61036,61352,61663
22105,9 de Julio,26955,27208,27462,27715,27969,28222,28476,28729,28983,29236,29543,29851,30159,30467,30773,31077,31380,31680,31974,32265,32550,32829,33102,33370,33632
22112,O'Higgins,19231,19388,19545,19701,19858,20015,20172,20328,20485,20642,20757,20873,20988,21105,21219,21333,21447,21559,21669,21778,21885,21990,22092,22193,22291
22119,Presidencia de la Plaza,12231,12296,12361,12426,12491,12556,12621,12686,12751,12816,12885,12954,13022,13092,13160,13228,13295,13362,13427,13492,13555,13617,13679,13738,13797
22126,1°  de Mayo,9131,9288,9445,9601,9758,9915,10072,10228,10385,10542,10742,10942,11143,11343,11543,11741,11938,12134,12326,12515,12701,12883,13061,13235,13406
22133,Quitilipi,32083,32395,32706,33018,33330,33641,33953,34265,34576,34888,35275,35664,36053,36442,36829,37213,37596,37975,38347,38714,39073,39426,39773,40110,40441
22140,San Fernando,365637,369461,373285,377109,380933,384757,388581,392405,396229,400053,404373,408691,413022,417339,421638,425922,430173,434391,438554,442642,446661,450608,454478,458272,461965
22147,San Lorenzo,14252,14343,14434,14526,14617,14708,14799,14891,14982,15073,15168,15263,15360,15454,15550,15644,15738,15830,15922,16012,16099,16186,16271,16354,16435
22154,Sargento Cabral,15030,15168,15306,15444,15582,15721,15859,15997,16135,16273,16438,16605,16772,16939,17105,17271,17435,17598,17757,17914,18069,18220,18369,18514,18656
22161,Tapenagá,4188,4190,4193,4195,4198,4200,4203,4205,4208,4210,4215,4221,4226,4232,4238,4243,4247,4252,4255,4258,4260,4261,4261,4261,4261
22168,25 de Mayo,28070,28277,28485,28692,28899,29107,29314,29521,29729,29936,30177,30419,30661,30903,31144,31384,31622,31856,32089,32317,32540,32759,32975,33185,33391
26007,Biedma,58677,61397,64118,66838,69558,72279,74999,77719,80440,83160,86232,89343,92509,95730,99004,102331,105713,109145,112626,116160,119737,123366,127040,130761,134525
26014,Cushamen,17134,17577,18019,18462,18905,19347,19790,20233,20675,21118,21495,21863,22221,22579,22925,23259,23586,23910,24228,24538,24835,25126,25407,25689,25954
26021,Escalante,143689,148603,153517,158432,163346,168260,173174,178089,183003,187917,192629,197295,201973,206647,211306,215956,220603,225237,229821,234397,238946,243481,247987,252463,256916
26028,Florentino Ameghino,1484,1502,1520,1538,1556,1575,1593,1611,1629,1647,1664,1679,1695,1711,1725,1739,1752,1764,1776,1785,1795,1804,1813,1821,1828
26035,Futaleufú,37540,38206,38873,39539,40206,40872,41539,42205,42872,43538,44156,44764,45354,45927,46481,47017,47536,48035,48515,48976,49418,49842,50246,50632,50999
26042,Gaiman,9612,9794,9977,10159,10341,10524,10706,10888,11071,11253,11435,11614,11790,11962,12130,12293,12453,12608,12759,12904,13047,13184,13316,13445,13568
26049,Gastre,1508,1502,1496,1490,1484,1478,1472,1466,1460,1454,1438,1428,1422,1409,1401,1398,1394,1387,1377,1368,1365,1358,1353,1342,1338
26056,Languiñeo,3017,3030,3042,3055,3067,3080,3092,3105,3117,3130,3136,3142,3147,3149,3149,3147,3145,3140,3135,3127,3118,3107,3096,3082,3068
26063,Martires,977,957,936,916,896,875,855,835,814,794,781,769,761,753,747,741,734,729,725,715,711,704,700,695,692
26070,Paso de los Indios,1905,1904,1903,1902,1901,1901,1900,1899,1898,1897,1892,1887,1880,1873,1865,1855,1845,1834,1822,1809,1796,1781,1767,1750,1735
26077,Rawson,115829,117720,119611,121502,123393,125285,127176,129067,130958,132849,134337,135772,137147,138456,139696,140869,141970,143006,143968,144869,145697,146455,147153,147788,148358
26084,Río Senguer,6194,6181,6167,6154,6140,6127,6113,6100,6086,6073,6063,6095,6114,6130,6153,6173,6182,6191,6227,6248,6266,6281,6295,6308,6318
26091,Sarmiento,8724,9028,9332,9636,9940,10243,10547,10851,11155,11459,11805,12154,12506,12863,13221,13583,13948,14314,14683,15055,15427,15802,16179,16559,16939
26098,Tehuelches,5159,5193,5227,5262,5296,5330,5364,5399,5433,5467,5484,5499,5511,5521,5527,5530,5531,5529,5523,5516,5506,5493,5479,5461,5441
26105,Telsen,1788,1776,1763,1751,1739,1726,1714,1702,1689,1677,1654,1641,1626,1609,1592,1575,1564,1551,1544,1527,1517,1510,1499,1488,1476
30008,Colón,52718,53853,54987,56122,57256,58391,59525,60660,61794,62929,64262,65610,66978,68364,69769,71191,72630,74086,75555,77039,78535,80043,81563,83093,84632
30015,Concordia,157291,158999,160706,162414,164122,165829,167537,169245,170952,172660,174685,176214,178095,179976,181853,183725,185592,187448,189291,191117,192924,194711,196476,198216,199927
30021,Diamante,44095,44430,44765,45101,45436,45771,46106,46442,46777,47112,47551,47990,48428,48863,49294,49721,50145,50565,50978,51384,51782,52175,52558,52933,53298
30028,Federación,60204,61252,62301,63349,64398,65446,66495,67543,68592,69640,70953,72276,73615,74969,76335,77715,79106,80510,81921,83341,84769,86203,87641,89084,90530
30035,Federal,25055,25193,25331,25469,25607,25746,25884,26022,26160,26298,26497,26695,26892,27087,27279,27468,27654,27836,28014,28189,28358,28522,28682,28836,28984
30042,Feliciano,14584,14667,14750,14833,14916,15000,15083,15166,15249,15332,15451,15570,15688,15804,15919,16033,16145,16255,16363,16468,16571,16670,16767,16861,16951
30049,Gualeguay,48147,48652,49157,49662,50167,50672,51177,51682,52187,52692,53285,53879,54472,55065,55656,56245,56832,57414,57993,58565,59130,59690,60241,60785,61320
30056,Gualeguaychú,101350,102438,103527,104615,105704,106792,107881,108969,110058,111146,112462,113779,115098,116416,117732,119044,120352,121655,122948,124231,125501,126759,128003,129229,130439
30063,Islas del Ibicuy,11498,11584,11670,11756,11842,11929,12015,12101,12187,12273,12391,12508,12625,12742,12857,12972,13086,13199,13310,13420,13527,13633,13737,13839,13937
30070,La Paz,66158,66372,66586,66799,67013,67227,67441,67654,67868,68082,68427,69021,69432,69835,70230,70615,70991,71356,71710,72051,72378,72691,72990,73274,73542
30077,Nogoya,38840,38938,39036,39134,39232,39329,39427,39525,39623,39721,39900,40077,40251,40419,40582,40739,40891,41036,41174,41304,41427,41541,41646,41742,41830
30084,Paraná,319614,322482,325350,328219,331087,333955,336823,339692,342560,345428,348672,351907,355130,358337,361515,364668,367792,370876,373924,376912,379856,382741,385567,388325,391022
30088,San Salvador,16118,16285,16452,16619,16786,16954,17121,17288,17455,17622,17840,18059,18278,18497,18717,18936,19155,19373,19589,19804,20018,20229,20439,20646,20850
30091,Tala,25892,25919,25947,25974,26002,26029,26057,26084,26112,26139,26205,26271,26334,26392,26447,26499,26546,26589,26626,26659,26686,26708,26724,26735,26739
30098,Uruguay,94070,94986,95902,96818,97734,98651,99567,100483,101399,102315,103416,104516,105617,106714,107807,108894,109975,111048,112111,113161,114198,115221,116229,117220,118192
30105,Victoria,34097,34347,34597,34847,35097,35347,35597,35847,36097,36347,36688,37029,37369,37707,38042,38373,38702,39028,39349,39665,39974,40279,40576,40868,41152
30113,Villaguay,48416,48574,48732,48890,49048,49206,49364,49522,49680,49838,50059,50530,50819,51103,51381,51651,51914,52169,52414,52651,52876,53092,53297,53491,53674
34007,Bermejo,12710,12922,13133,13345,13556,13768,13979,14191,14402,14614,14788,14962,15135,15305,15473,15641,15805,15968,16127,16281,16431,16576,16718,16853,16983
34014,Formosa,210071,213802,217533,221263,224994,228725,232456,236186,239917,243648,246546,249432,252299,255142,257952,260727,263471,266173,268814,271381,273881,276309,278654,280914,283080
34021,Laishi,16227,16399,16571,16744,16916,17088,17260,17433,17605,17777,17905,18033,18161,18287,18413,18536,18658,18777,18895,19009,19120,19228,19333,19433,19529
34028,Matacos,12133,12444,12755,13065,13376,13687,13998,14308,14619,14930,15162,15394,15623,15852,16078,16300,16521,16737,16949,17156,17356,17551,17739,17920,18094
34035,Patiño,64830,65563,66296,67028,67761,68494,69227,69959,70692,71425,72006,72584,73159,73730,74293,74850,75401,75942,76471,76987,77488,77974,78445,78898,79333
34042,Pilagás,17523,17706,17889,18071,18254,18437,18620,18802,18985,19168,19312,19454,19595,19736,19875,20013,20149,20282,20412,20540,20663,20783,20899,21011,21118
34049,Pilcomayo,78114,79264,80415,81565,82715,83866,85016,86166,87317,88467,89356,90241,91121,91994,92855,93709,94551,95379,96189,96978,97745,98490,99211,99905,100571
34056,Pirane,64023,64391,64758,65126,65493,65861,66228,66596,66963,67331,67595,67856,68117,68375,68631,68883,69133,69378,69618,69852,70079,70300,70514,70720,70917
34063,Ramón Lista,10928,11299,11670,12041,12412,12782,13153,13524,13895,14266,14553,14838,15121,15402,15680,15955,16227,16493,16754,17009,17256,17495,17727,17951,18165
38007,Cochinoca,12111,12196,12280,12365,12450,12534,12619,12704,12788,12873,12955,13036,13114,13190,13265,13336,13405,13471,13533,13592,13647,13699,13747,13791,13832
38021,Dr. Manuel Belgrano,238012,241464,244916,248368,251820,255272,258724,262176,265628,269080,273067,277070,281080,285090,289087,293073,297051,301009,304936,308821,312671,316474,320238,323959,327628
38014,El Carmen,84667,86189,87710,89232,90753,92275,93796,95318,96839,98361,100146,101941,103748,105566,107391,109222,111058,112896,114733,116567,118397,120222,122041,123852,125650
38028,Humahuaca,16765,16865,16965,17065,17165,17265,17365,17465,17565,17665,17780,17896,18008,18117,18222,18324,18423,18517,18606,18692,18771,18847,18917,18982,19041
38035,Ledesma,75716,76544,77372,78201,79029,79857,80685,81514,82342,83170,83841,84506,85161,85803,86431,87042,87639,88216,88774,89309,89823,90315,90783,91229,91648
38042,Palpalá,48199,48781,49363,49945,50527,51109,51691,52273,52855,53437,54110,54782,55453,56120,56784,57441,58093,58737,59374,59999,60614,61220,61814,62396,62965
38049,Rinconada,2298,2323,2348,2374,2399,2424,2449,2475,2500,2525,2565,2597,2634,2670,2709,2748,2784,2821,2860,2903,2943,2987,3034,3075,3118
38056,San Antonio,3698,3789,3880,3971,4062,4154,4245,4336,4427,4518,4628,4739,4852,4966,5082,5200,5318,5439,5560,5684,5808,5933,6059,6185,6314
38063,San Pedro,71037,71622,72207,72791,73376,73961,74546,75130,75715,76300,76907,77509,78101,78682,79249,79801,80338,80859,81362,81843,82305,82747,83167,83565,83940
38070,Santa Bárbara,17115,17218,17321,17424,17527,17629,17732,17835,17938,18041,18161,18280,18395,18507,18617,18722,18824,18921,19015,19103,19185,19264,19337,19405,19466
38077,Santa Catalina,3140,3109,3078,3047,3016,2985,2954,2923,2892,2861,2840,2816,2791,2766,2741,2721,2695,2670,2644,2619,2597,2577,2555,2529,2502
38084,Susques,3628,3653,3679,3704,3729,3755,3780,3805,3831,3856,3885,3915,3943,3972,4000,4027,4053,4079,4104,4127,4151,4172,4194,4214,4233
38094,Tilcara,10403,10636,10869,11102,11335,11567,11800,12033,12266,12499,12777,13057,13341,13629,13918,14211,14508,14807,15107,15410,15713,16019,16326,16634,16943
38098,Tumbaya,4553,4574,4595,4616,4637,4657,4678,4699,4720,4741,4765,4789,4813,4835,4857,4877,4897,4915,4932,4948,4962,4975,4987,4997,5005
38105,Valle Grande,2386,2398,2410,2422,2434,2447,2459,2471,2483,2495,2509,2523,2536,2550,2563,2575,2587,2598,2609,2619,2628,2637,2644,2652,2659
38112,Yaví,18160,18486,18811,19137,19463,19788,20114,20440,20765,21091,21443,21796,22151,22508,22864,23222,23579,23936,24291,24645,24997,25348,25696,26042,26384
42007,Atreuco,10134,10168,10201,10235,10268,10302,10335,10369,10402,10436,10461,10484,10505,10523,10539,10553,10565,10573,10580,10584,10585,10583,10579,10572,10563
42014,Caleu Caleu,2075,2107,2140,2172,2205,2237,2270,2302,2335,2367,2407,2447,2487,2527,2567,2607,2648,2688,2729,2768,2809,2848,2889,2928,2967
42021,Capital,96920,98142,99363,100585,101806,103028,104249,105471,106692,107914,109162,110396,111626,112846,114047,115221,116384,117536,118669,119781,120858,121922,122966,123989,124984
42028,Catriló,6728,6812,6895,6979,7062,7146,7229,7313,7396,7480,7549,7618,7686,7753,7817,7881,7945,8006,8066,8124,8181,8236,8290,8342,8392
42049,Chalileo,2517,2576,2636,2695,2754,2814,2873,2932,2992,3051,3112,3174,3236,3298,3361,3424,3488,3551,3616,3680,3744,3807,3871,3935,4000
42056,Chapaleufú,10787,10912,11037,11163,11288,11413,11538,11664,11789,11914,12037,12159,12280,12400,12518,12632,12747,12860,12971,13079,13185,13289,13390,13489,13584
42063,Chical Có,1595,1590,1584,1579,1574,1568,1563,1558,1552,1547,1543,1540,1536,1531,1532,1530,1527,1524,1520,1519,1518,1515,1514,1513,1512
42035,Conhelo,14591,14579,14568,14556,14545,14533,14522,14510,14499,14487,14466,14445,14418,14391,14358,14338,14306,14269,14229,14191,14165,14124,14076,14024,13970
42042,Curacó,886,906,926,946,966,986,1006,1026,1046,1066,1079,1093,1105,1118,1131,1144,1156,1169,1180,1193,1204,1217,1228,1240,1251
42070,Guatraché,9306,9282,9258,9233,9209,9185,9161,9136,9112,9088,9075,9061,9044,9026,9005,8982,8957,8931,8902,8871,8838,8803,8766,8726,8685
42077,Hucal,7838,7830,7822,7815,7807,7799,7791,7784,7776,7768,7732,7695,7657,7617,7581,7552,7518,7482,7445,7406,7370,7339,7305,7270,7234
42084,Lihuel Calel,547,537,527,517,507,497,487,477,467,457,439,424,408,394,380,369,357,345,334,324,314,305,296,289,282
42091,Limay Mahuida,475,480,484,489,493,498,502,507,511,516,521,528,535,543,549,556,563,570,577,583,590,597,604,611,618
42098,Loventué,8649,8672,8695,8717,8740,8763,8786,8808,8831,8854,8890,8924,8958,8988,9017,9044,9069,9092,9113,9131,9147,9161,9173,9183,9190
42105,Maracó,54699,55341,55983,56625,57267,57909,58551,59193,59835,60477,61197,61912,62622,63326,64023,64708,65385,66055,66716,67361,67995,68619,69231,69832,70419
42112,Puelén,7757,7969,8181,8393,8605,8816,9028,9240,9452,9664,9901,10138,10380,10623,10872,11123,11376,11634,11894,12157,12423,12691,12962,13235,13511
42119,Quemú Quemú,8756,8772,8789,8805,8821,8838,8854,8870,8887,8903,8928,8954,8977,8998,9016,9033,9049,9062,9072,9080,9087,9090,9093,9092,9089
42126,Rancul,10648,10683,10719,10754,10789,10825,10860,10895,10931,10966,10990,11014,11035,11054,11069,11082,11093,11102,11108,11111,11111,11108,11103,11095,11084
42133,Realicó,15302,15451,15600,15750,15899,16048,16197,16347,16496,16645,16790,16934,17076,17215,17352,17484,17615,17742,17866,17986,18102,18215,18324,18429,18529
42140,Toay,9256,9629,10001,10374,10746,11119,11491,11864,12236,12609,13091,13581,14087,14608,15141,15675,16232,16805,17395,17994,18605,19234,19878,20540,21219
42147,Trenel,5324,5354,5383,5413,5443,5472,5502,5532,5561,5591,5562,5534,5504,5472,5440,5418,5393,5368,5342,5325,5306,5287,5266,5245,5223
42154,Utracán,14504,14584,14665,14745,14826,14906,14987,15067,15148,15228,15336,15441,15544,15644,15741,15835,15926,16014,16098,16180,16257,16332,16403,16468,16532
46007,Arauco,13720,13955,14190,14425,14660,14895,15130,15365,15600,15835,16051,16271,16493,16718,16944,17171,17400,17629,17856,18083,18309,18533,18755,18975,19191
46014,Capital,146411,150763,155115,159467,163819,168171,172523,176875,181227,185579,189203,192872,196588,200334,204110,207904,211706,215513,219320,223101,226872,230610,234308,237966,241574
46021,Castro Barros,4322,4333,4343,4354,4364,4375,4385,4396,4406,4417,4430,4444,4458,4472,4485,4498,4512,4525,4539,4553,4566,4580,4594,4607,4621
46035,Chamical,13383,13514,13646,13777,13908,14040,14171,14302,14434,14565,14670,14778,14886,14996,15108,15218,15330,15442,15554,15664,15775,15884,15994,16100,16206
46042,Chilecito,42248,43189,44131,45072,46013,46955,47896,48837,49779,50720,51601,52490,53391,54302,55217,56126,57049,57972,58894,59812,60721,61622,62516,63397,64269
46028,Coronel Felipe Varela,9939,9940,9940,9941,9942,9942,9943,9944,9944,9945,9936,9927,9918,9909,9900,9890,9881,9872,9863,9853,9844,9835,9826,9817,9808
46049,Famatina,6371,6336,6300,6265,6229,6194,6158,6123,6087,6052,6011,5974,5935,5894,5856,5828,5789,5751,5712,5674,5641,5608,5575,5544,5513
46056,General Angel V. Peñaloza,3127,3131,3136,3140,3145,3149,3154,3158,3163,3167,3169,3171,3173,3175,3177,3179,3181,3183,3185,3187,3188,3191,3193,3195,3197
46063,General Belgrano,7161,7208,7255,7302,7349,7396,7443,7490,7537,7584,7624,7664,7704,7745,7786,7827,7869,7911,7951,7993,8033,8075,8115,8155,8194
46070,General Juan F.Quiroga,4546,4513,4479,4446,4412,4379,4345,4312,4278,4245,4200,4157,4112,4069,4022,3979,3941,3900,3857,3819,3777,3736,3702,3668,3634
46077,General Lamadrid,1717,1725,1732,1740,1748,1755,1763,1771,1778,1786,1791,1797,1803,1809,1815,1821,1827,1833,1839,1846,1851,1857,1864,1869,1875
46084,General Ocampo,7331,7335,7339,7343,7347,7351,7355,7359,7363,7367,7352,7337,7322,7307,7291,7276,7259,7244,7228,7213,7197,7182,7166,7152,7136
46091,General San Martín,4956,4971,4986,5001,5016,5032,5047,5062,5077,5092,5102,5112,5124,5134,5144,5156,5166,5176,5188,5198,5208,5220,5230,5240,5250
46105,Independencia,2405,2415,2426,2436,2446,2457,2467,2477,2488,2498,2506,2514,2522,2532,2541,2550,2559,2568,2576,2587,2596,2604,2614,2623,2632
46112,Rosario Vera Peñaloza,13299,13427,13556,13684,13812,13941,14069,14197,14326,14454,14567,14681,14795,14912,15029,15147,15265,15383,15501,15619,15736,15852,15967,16081,16193
46119,San Blas de los Sauces,4048,4048,4048,4048,4048,4049,4049,4049,4049,4049,4035,4021,4006,3991,3976,3961,3945,3930,3914,3899,3884,3869,3854,3840,3826
46126,Sanagasta,2165,2192,2220,2247,2274,2302,2329,2356,2384,2411,2435,2460,2485,2510,2536,2562,2588,2613,2639,2665,2691,2716,2741,2765,2790
46098,Vinchina,2834,2832,2830,2828,2826,2824,2822,2820,2818,2816,2811,2806,2801,2796,2791,2786,2780,2775,2770,2765,2759,2753,2746,2741,2736
50007,Capital,110993,111742,112490,113239,113987,114736,115484,116233,116981,117730,117952,118172,118390,118607,118821,119033,119243,119450,119654,119854,120051,120246,120437,120625,120809
50014,General Alvear,44147,44515,44882,45250,45618,45985,46353,46721,47088,47456,47793,48130,48463,48793,49120,49442,49761,50076,50387,50693,50993,51288,51580,51864,52143
50021,Godoy Cruz,182977,184447,185917,187388,188858,190328,191798,193269,194739,196209,197283,198353,199413,200465,201503,202530,203546,204549,205537,206510,207466,208408,209332,210239,211129
50028,Guaymallén,251339,255569,259800,264030,268260,272491,276721,280951,285182,289412,293908,298371,302808,307201,311541,315833,320079,324272,328402,332468,336466,340402,344264,348055,351771
50035,Junín,35045,35446,35847,36247,36648,37049,37450,37850,38251,38652,39103,39553,39998,40440,40876,41309,41735,42156,42572,42980,43382,43778,44167,44548,44921
50042,La Paz,9560,9635,9711,9786,9861,9937,10012,10087,10163,10238,10299,10362,10423,10483,10543,10602,10660,10718,10775,10831,10886,10940,10993,11046,11097
50049,Las Heras,182962,185720,188478,191237,193995,196753,199511,202270,205028,207786,210699,213595,216470,219317,222132,224915,227667,230384,233063,235699,238291,240841,243346,245804,248214
50056,Lavalle,32129,32720,33310,33901,34492,35082,35673,36264,36854,37445,38133,38818,39497,40170,40836,41493,42143,42785,43418,44040,44653,45255,45847,46428,46997
50063,Luján de Cuyo,104470,106439,108407,110376,112344,114313,116281,118250,120218,122187,124392,126585,128762,130918,133049,135156,137239,139297,141325,143320,145283,147214,149110,150970,152795
50070,Maipú,153600,156064,158528,160992,163456,165921,168385,170849,173313,175777,178432,181072,183692,186287,188853,191390,193898,196375,198816,201218,203581,205905,208189,210428,212624
50077,Malargüe,23020,23590,24160,24730,25300,25871,26441,27011,27581,28151,28828,29501,30170,30832,31486,32134,32775,33406,34029,34642,35246,35839,36421,36993,37553
50084,Rivadavia,52567,53123,53678,54234,54789,55345,55900,56456,57011,57567,58187,58806,59419,60025,60626,61219,61806,62385,62956,63518,64071,64615,65149,65673,66187
50091,San Carlos,28341,28886,29432,29977,30523,31068,31614,32159,32705,33250,33885,34519,35146,35768,36382,36989,37591,38183,38768,39343,39910,40466,41013,41550,42076
50098,San Martín,108448,109806,111163,112521,113879,115236,116594,117952,119309,120667,122163,123651,125127,126590,128036,129465,130878,132274,133649,135003,136334,137645,138931,140194,141430
50105,San Rafael,173571,175612,177654,179695,181736,183778,185819,187860,189902,191943,194157,196359,198544,200708,202848,204963,207055,209121,211157,213160,215131,217068,218973,220841,222672
50112,Santa Rosa,15818,15921,16024,16127,16230,16332,16435,16538,16641,16744,16850,16955,17059,17163,17266,17367,17466,17565,17663,17758,17852,17944,18035,18125,18212
50119,Tunuyán,42125,43041,43957,44873,45789,46705,47621,48537,49453,50369,51418,52460,53495,54520,55533,56534,57525,58503,59467,60416,61349,62266,63168,64053,64921
50126,Tupungato,28539,29052,29565,30077,30590,31103,31616,32128,32641,33154,33753,34346,34937,35522,36100,36671,37237,37794,38344,38885,39418,39941,40456,40960,41455
54007,Apóstoles,38028,38550,39071,39593,40114,40636,41157,41679,42200,42722,43211,43696,44177,44653,45123,45588,46047,46501,46948,47387,47819,48244,48661,49070,49471
54014,Cainguás,47271,48017,48764,49510,50257,51003,51750,52496,53243,53989,54699,55402,56100,56790,57472,58145,58813,59470,60119,60756,61382,61998,62605,63198,63780
54021,Candelaria,22290,22846,23402,23957,24513,25069,25625,26180,26736,27292,27829,28363,28891,29413,29930,30440,30946,31445,31936,32419,32893,33360,33819,34269,34710
54028,Capital,284279,289152,294025,298898,303771,308643,313516,318389,323262,328135,332673,337177,341638,346054,350410,354719,358986,363204,367349,371424,375429,379374,383246,387045,390765
54035,Concepción,9085,9153,9221,9289,9357,9425,9493,9561,9629,9697,9758,9818,9877,9937,9995,10052,10109,10165,10221,10275,10328,10381,10433,10484,10533
54042,El Dorado,67726,68982,70237,71493,72749,74004,75260,76516,77771,79027,80227,81419,82600,83768,84922,86063,87192,88307,89405,90484,91543,92588,93613,94618,95603
54049,General Manuel Belgrano,33488,34573,35658,36744,37829,38914,39999,41085,42170,43255,44314,45364,46405,47435,48452,49458,50453,51435,52404,53354,54289,55209,56113,57000,57868
54056,Guaraní,57818,59014,60211,61407,62603,63800,64996,66192,67389,68585,69734,70874,72005,73124,74228,75320,76402,77469,78520,79553,80568,81567,82549,83512,84454
54063,Iguazú,66539,68363,70186,72010,73834,75657,77481,79305,81128,82952,84724,86480,88222,89945,91647,93328,94994,96639,98258,99849,101413,102952,104465,105947,107400
54070,Leandro N. Alem,41670,42108,42546,42984,43422,43860,44298,44736,45174,45612,46016,46416,46813,47205,47593,47976,48355,48730,49098,49461,49817,50167,50512,50850,51181
54077,Libertador General San Martín,42440,42958,43476,43994,44512,45030,45548,46066,46584,47102,47585,48063,48539,49008,49471,49930,50384,50831,51273,51706,52133,52552,52963,53367,53763
54084,Montecarlo,34073,34419,34765,35111,35457,35803,36149,36495,36841,37187,37504,37819,38130,38438,38743,39044,39342,39635,39925,40209,40490,40765,41035,41301,41559
54091,Oberá,95667,97113,98559,100005,101451,102897,104343,105789,107235,108681,110049,111406,112750,114081,115394,116693,117979,119248,120499,121727,122934,124122,125290,126436,127556
54098,San Ignacio,55038,55419,55799,56180,56560,56941,57321,57702,58082,58463,58798,59131,59461,59788,60111,60430,60745,61058,61365,61666,61963,62254,62541,62822,63097
54105,San Javier,19187,19406,19624,19843,20062,20280,20499,20718,20936,21155,21346,21534,21721,21907,22089,22271,22449,22626,22800,22971,23139,23304,23466,23626,23782
54112,San Pedro,23736,24576,25416,26255,27095,27935,28775,29614,30454,31294,32117,32932,33740,34540,35330,36111,36884,37647,38399,39137,39863,40578,41281,41969,42642
54119,25 de Mayo,27187,27292,27397,27502,27607,27711,27816,27921,28026,28131,28214,28295,28376,28456,28536,28614,28691,28767,28843,28916,28989,29061,29131,29200,29267
58007,Aluminé,6308,6561,6813,7066,7319,7571,7824,8077,8329,8582,8875,9172,9474,9781,10092,10408,10729,11054,11384,11718,12057,12400,12749,13101,13459
58014,Añelo,7554,7950,8347,8743,9139,9536,9932,10328,10725,11121,11604,12102,12614,13142,13683,14239,14812,15400,16003,16622,17258,17910,18580,19266,19970
58021,Catan Lil,2469,2494,2519,2544,2569,2595,2620,2645,2670,2695,2718,2741,2763,2784,2805,2825,2843,2861,2879,2896,2912,2927,2941,2955,2968
58042,Chos Malal,14185,14370,14556,14741,14926,15112,15297,15482,15668,15853,16022,16185,16341,16490,16630,16764,16891,17011,17123,17229,17327,17419,17503,17583,17656
58028,Collón Curá,4395,4431,4467,4502,4538,4574,4610,4645,4681,4717,4738,4758,4779,4799,4820,4840,4859,4879,4899,4918,4937,4955,4973,4991,5009
58035,Confluencia,314793,321642,328491,335340,342189,349038,355887,362736,369585,376434,382083,387611,393009,398269,403382,408353,413185,417874,422415,426804,431047,435156,439124,442956,446648
58049,Huiliches,12700,12986,13272,13558,13844,14130,14416,14702,14988,15274,15548,15820,16088,16352,16611,16866,17116,17363,17605,17842,18074,18302,18526,18744,18959
58056,Lacar,24670,25353,26036,26720,27403,28086,28769,29453,30136,30819,31523,32227,32929,33629,34326,35018,35709,36395,37078,37756,38429,39099,39765,40426,41084
58063,Loncopué,6457,6539,6621,6703,6785,6868,6950,7032,7114,7196,7273,7348,7421,7491,7558,7623,7686,7745,7802,7858,7910,7961,8009,8055,8099
58070,Los Lagos,8654,9058,9463,9867,10271,10676,11080,11484,11889,12293,12775,13268,13774,14291,14820,15362,15914,16480,17057,17647,18248,18863,19491,20132,20786
58077,Minas,7072,7133,7194,7255,7316,7376,7437,7498,7559,7620,7654,7688,7721,7753,7785,7815,7847,7876,7906,7935,7963,7990,8017,8044,8071
58084,Ñorquín,4628,4741,4855,4968,5082,5195,5309,5422,5536,5649,5692,5735,5777,5816,5856,5893,5930,5965,5999,6031,6062,6092,6121,6149,6175
58091,Pehuenches,13765,14856,15948,17039,18130,19222,20313,21404,22496,23587,24754,25920,27084,28246,29402,30553,31697,32835,33963,35081,36189,37286,38372,39447,40509
58098,Picún Leufú,4272,4326,4380,4434,4488,4541,4595,4649,4703,4757,4813,4868,4924,4978,5031,5083,5134,5185,5235,5282,5330,5375,5421,5466,5508
58105,Picunches,6427,6523,6620,6716,6812,6909,7005,7101,7198,7294,7386,7474,7558,7641,7720,7796,7869,7939,8005,8069,8130,8188,8243,8295,8344
58112,Zapala,35806,36052,36298,36544,36790,37035,37281,37527,37773,38019,38262,38505,38747,38987,39224,39459,39692,39922,40148,40369,40588,40803,41015,41223,41428
62007,Adolfo Alsina,50701,51578,52455,53332,54209,55086,55963,56840,57717,58594,59298,60002,60701,61396,62086,62771,63452,64124,64791,65450,66102,66746,67383,68011,68631
62014,Avellaneda,32308,32705,33102,33499,33896,34294,34691,35088,35485,35882,36342,36799,37255,37709,38158,38604,39047,39486,39920,40349,40774,41193,41608,42018,42422
62021,Bariloche,109826,112661,115495,118330,121165,123999,126834,129669,132503,135338,138259,141169,144067,146948,149808,152646,155462,158251,161012,163743,166443,169112,171749,174351,176919
62028,Conesa,6291,6389,6488,6586,6685,6783,6882,6980,7079,7177,7285,7391,7498,7604,7708,7813,7916,8019,8119,8221,8319,8417,8515,8609,8704
62035,El Cuy,4252,4374,4496,4617,4739,4861,4983,5104,5226,5348,5496,5643,5788,5934,6078,6221,6363,6505,6643,6781,6918,7052,7185,7317,7446
62042,General Roca,281653,286581,291509,296438,301366,306294,311222,316151,321079,326007,330502,334968,339476,343954,348406,352820,357230,361612,366014,370245,374450,378623,382551,386605,390644
62049,9 de Julio,3501,3506,3512,3517,3522,3528,3533,3538,3544,3549,3534,3510,3487,3464,3442,3419,3397,3376,3354,3334,3313,3293,3272,3253,3233
62056,Ñorquinco,2079,2046,2013,1980,1947,1914,1881,1848,1815,1782,1733,1705,1661,1619,1585,1553,1522,1491,1460,1430,1401,1371,1349,1321,1294
62063,Pichi Mahuída,14026,14064,14102,14140,14178,14216,14254,14292,14330,14368,14375,14382,14390,14397,14404,14412,14419,14426,14433,14441,14448,14454,14461,14468,14475
62070,Pilnaniyeu,6114,6271,6428,6585,6742,6898,7055,7212,7369,7526,7714,7901,8088,8274,8458,8641,8822,9002,9180,9356,9530,9702,9873,10040,10206
62077,San Antonio,23972,24605,25238,25871,26504,27136,27769,28402,29035,29668,30412,31155,31894,32630,33360,34084,34803,35515,36107,36787,37460,38126,38961,39625,40280
62084,Valcheta,4946,5182,5417,5653,5889,6124,6360,6596,6831,7067,7261,7462,7616,7769,7910,8049,8155,8249,8393,8556,8697,8824,8956,9080,9161
62091,25 de Mayo,13153,13466,13779,14092,14405,14719,15032,15345,15658,15971,16275,16576,16876,17175,17471,17766,18058,18347,18634,18917,19197,19474,19747,20017,20282
66007,Anta,49841,50809,51778,52746,53714,54683,55651,56619,57588,58556,59619,60679,61736,62788,63830,64866,65896,66918,67927,68925,69909,70881,71843,72788,73719
66014,Cachi,7280,7303,7326,7349,7372,7395,7418,7441,7464,7487,7506,7524,7543,7562,7580,7599,7617,7636,7653,7672,7689,7706,7724,7740,7756
66021,Cafayate,11785,12155,12524,12894,13264,13633,14003,14373,14742,15112,15526,15941,16354,16764,17172,17577,17979,18378,18774,19162,19548,19927,20303,20672,21036
66028,Capital,472971,481181,489390,497600,505810,514019,522229,530439,538648,546858,555499,564108,572685,581223,589696,598107,606474,614764,622964,631058,639055,646956,654756,662439,670002
66035,Cerrillos,26320,27436,28552,29668,30784,31899,33015,34131,35247,36363,37623,38881,40134,41380,42617,43845,45066,46277,47476,48658,49825,50979,52117,53240,54343
66042,Chicoana,18248,18568,18888,19208,19528,19847,20167,20487,20807,21127,21478,21826,22175,22520,22863,23205,23543,23879,24212,24541,24864,25184,25501,25811,26119
66049,General Güemes,42255,42915,43575,44235,44895,45554,46214,46874,47534,48194,48913,49630,50346,51057,51763,52465,53161,53853,54536,55211,55877,56535,57185,57826,58456
66056,General José de San Martín,139204,141525,143846,146167,148488,150809,153130,155451,157772,160093,162633,165169,167695,170207,172700,175176,177638,180080,182495,184877,187231,189556,191852,194114,196340
66063,Guachipas,3211,3217,3223,3229,3235,3240,3246,3252,3258,3264,3266,3269,3271,3273,3276,3279,3281,3283,3286,3288,3290,3293,3295,3297,3299
66070,Iruya,6368,6342,6317,6291,6266,6240,6215,6189,6164,6138,6101,6066,6030,5994,5959,5924,5889,5854,5820,5786,5752,5720,5687,5655,5623
66077,La Caldera,5711,5953,6195,6437,6679,6920,7162,7404,7646,7888,8161,8434,8705,8975,9242,9508,9773,10035,10295,10551,10804,11054,11300,11543,11782
66084,La Candelaria,5286,5346,5406,5467,5527,5587,5647,5708,5768,5828,5891,5955,6019,6082,6146,6208,6269,6331,6392,6452,6511,6571,6628,6686,6741
66091,La Poma,1735,1740,1745,1750,1755,1759,1764,1769,1774,1779,1779,1778,1777,1777,1776,1775,1776,1775,1774,1773,1773,1772,1771,1771,1771
66098,La Viña,7152,7202,7252,7302,7352,7402,7452,7502,7552,7602,7652,7702,7751,7801,7849,7897,7945,7993,8041,8088,8133,8179,8224,8269,8312
66105,Los Andes,5630,5691,5752,5814,5875,5936,5997,6059,6120,6181,6247,6312,6378,6443,6506,6571,6634,6697,6759,6821,6882,6942,7002,7060,7117
66112,Metán,39006,39256,39507,39757,40007,40258,40508,40758,41009,41259,41510,41762,42012,42261,42507,42753,42997,43239,43478,43714,43947,44178,44405,44629,44849
66119,Molinos,5565,5589,5613,5638,5662,5686,5710,5735,5759,5783,5801,5819,5836,5854,5872,5889,5906,5924,5941,5958,5974,5991,6006,6022,6038
66126,Orán,124029,125991,127952,129914,131875,133837,135798,137760,139721,141683,143824,145959,148088,150203,152304,154390,156464,158520,160555,162562,164544,166504,168438,170343,172219
66133,Rivadavia,27370,27773,28176,28579,28982,29385,29788,30191,30594,30997,31418,31839,32258,32675,33088,33499,33907,34313,34714,35109,35499,35885,36266,36641,37010
66140,Rosario de la Frontera,28013,28194,28375,28557,28738,28919,29100,29282,29463,29644,29824,30003,30182,30359,30534,30709,30883,31055,31225,31393,31560,31723,31885,32045,32203
66147,Rosario de Lerma,33741,34379,35016,35654,36292,36929,37567,38205,38842,39480,40134,40787,41438,42084,42726,43364,43998,44626,45248,45862,46467,47067,47657,48240,48813
66154,San Carlos,7208,7206,7203,7201,7199,7196,7194,7192,7189,7187,7176,7167,7156,7145,7136,7126,7116,7106,7096,7087,7077,7068,7058,7050,7040
66161,Santa Victoria,11122,11065,11008,10951,10894,10836,10779,10722,10665,10608,10530,10452,10375,10299,10223,10146,10071,9996,9923,9849,9777,9707,9636,9567,9499
70007,Albardón,20413,20852,21291,21729,22168,22607,23046,23484,23923,24362,24857,25351,25846,26340,26833,27325,27815,28304,28788,29269,29744,30218,30687,31150,31609
70014,Angaco,7570,7652,7734,7817,7899,7981,8063,8146,8228,8310,8398,8487,8575,8663,8751,8839,8926,9013,9100,9186,9271,9356,9439,9522,9604
70021,Calingasta,8176,8245,8313,8382,8451,8519,8588,8657,8725,8794,8865,8937,9008,9079,9151,9222,9293,9363,9433,9503,9571,9641,9708,9775,9841
70028,Capital,112778,112691,112605,112518,112432,112345,112259,112172,112086,111999,111536,111072,110608,110145,109684,109222,108764,108306,107850,107401,106955,106509,106070,105639,105208
70035,Caucete,33609,34223,34837,35450,36064,36678,37292,37905,38519,39133,39819,40505,41191,41877,42560,43241,43922,44598,45271,45938,46598,47255,47904,48547,49183
70042,Chimbas,73829,75515,77200,78886,80571,82257,83942,85628,87313,88999,90775,92553,94331,96107,97878,99645,101405,103159,104900,106627,108341,110040,111724,113390,115037
70049,Iglesia,6737,7017,7298,7578,7859,8139,8420,8700,8981,9261,9586,9913,10240,10566,10892,11216,11539,11862,12182,12499,12814,13126,13435,13741,14045
70056,Jáchal,21018,21155,21292,21430,21567,21704,21841,21979,22116,22253,22387,22522,22657,22791,22924,23058,23191,23324,23456,23586,23716,23845,23972,24098,24223
70063,9 de julio,7652,7855,8059,8262,8465,8669,8872,9075,9279,9482,9711,9941,10172,10401,10629,10858,11086,11313,11538,11761,11982,12202,12420,12634,12848
70070,Pocito,40969,42424,43878,45333,46787,48242,49696,51151,52605,54060,55730,57402,59075,60745,62410,64071,65726,67376,69014,70638,72249,73847,75430,76998,78546
70077,Rawson,107740,108770,109799,110829,111859,112888,113918,114948,115977,117007,118001,118995,119991,120984,121975,122962,123948,124929,125904,126870,127828,128779,129722,130654,131576
70084,Rivadavia,76150,77078,78007,78935,79863,80792,81720,82648,83577,84505,85355,86205,87056,87906,88753,89598,90441,91279,92112,92939,93758,94571,95377,96174,96962
70091,San Martín,10140,10276,10411,10547,10682,10818,10953,11089,11224,11360,11508,11657,11805,11953,12101,12248,12394,12541,12687,12830,12973,13114,13255,13394,13531
70098,Santa Lucía,43565,44184,44804,45423,46042,46662,47281,47900,48520,49139,49760,50382,51004,51625,52244,52862,53478,54091,54701,55304,55904,56498,57087,57669,58246
70105,Sarmiento,19092,19480,19868,20256,20644,21032,21420,21808,22196,22584,23020,23457,23892,24329,24763,25196,25629,26059,26487,26910,27331,27748,28161,28570,28974
70112,Ullum,4490,4546,4602,4658,4714,4771,4827,4883,4939,4995,5056,5116,5178,5239,5299,5359,5419,5479,5538,5598,5656,5715,5772,5829,5885
70119,Valle Fértil,6864,6923,6981,7040,7099,7157,7216,7275,7333,7392,7453,7515,7576,7638,7698,7760,7821,7881,7942,8001,8060,8118,8177,8234,8291
70126,25 de Mayo,15193,15447,15702,15956,16211,16465,16720,16974,17229,17483,17765,18048,18330,18613,18895,19175,19455,19734,20010,20285,20557,20827,21095,21360,21622
70133,Zonda,4038,4140,4242,4345,4447,4549,4651,4754,4856,4958,5070,5182,5295,5407,5519,5631,5742,5853,5963,6072,6181,6288,6395,6500,6604
74007,Ayacucho,16906,17207,17508,17808,18109,18410,18711,19011,19312,19613,19856,20100,20344,20587,20830,21071,21313,21554,21793,22030,22266,22501,22733,22963,23189
74014,Belgrano,3881,3906,3931,3955,3980,4005,4030,4054,4079,4104,4122,4140,4158,4176,4193,4211,4229,4246,4264,4281,4298,4316,4333,4350,4367
74021,Coronel Pringles,12571,13543,14515,15487,16459,17430,18402,19374,20346,21318,21568,21818,22068,22318,22566,22815,23063,23309,23555,23798,24040,24280,24519,24754,24987
74028,Chacabuco,18410,17869,17328,16787,16246,15705,15164,14623,14082,13541,13619,13698,13775,13853,13931,14008,14085,14162,14239,14315,14391,14466,14540,14613,14686
74035,General Pedernera,110814,112873,114933,116992,119052,121111,123171,125230,127290,129349,130973,132599,134223,135845,137464,139078,140687,142291,143887,145471,147044,148606,150152,151684,153196
74042,Gobernador Dupuy,11120,11231,11343,11454,11565,11677,11788,11899,12011,12122,12198,12273,12348,12424,12499,12574,12647,12722,12796,12869,12942,13014,13086,13157,13227
74049,Junín,20271,21308,22346,23383,24420,25458,26495,27532,28570,29607,30481,31353,32226,33097,33966,34833,35697,36559,37416,38266,39111,39950,40782,41604,42416
74056,La Capital,168771,173288,177805,182323,186840,191357,195874,200392,204909,209426,212801,216175,219549,222916,226277,229628,232974,236302,239614,242908,246175,249414,252625,255804,258947
74063,Libertador General San Martín,5189,5153,5117,5081,5045,5008,4972,4936,4900,4864,4816,4768,4720,4673,4625,4578,4530,4484,4436,4390,4343,4298,4253,4208,4163
78007,Corpen Aike,7942,8299,8656,9012,9369,9726,10083,10439,10796,11153,11522,11892,12263,12635,13007,13379,13752,14124,14497,14869,15243,15617,15991,16365,16738
78014,Deseado,72953,76865,80776,84688,88599,92511,96422,100334,104245,108157,112211,116277,120353,124434,128514,132598,136687,140782,144876,148968,153063,157167,161269,165378,169485
78021,Güer Aike,92878,95228,97579,99929,102279,104630,106980,109330,111681,114031,116487,118955,121466,124000,126555,129110,131668,134230,136792,139354,141917,144483,147052,149620,152189
78028,Lago Argentino,7500,8766,10031,11297,12563,13828,15094,16360,17625,18891,20104,21322,22503,23666,24809,25953,27099,28245,29393,30540,31688,32837,33988,35139,36291
78035,Lago Buenos Aires,6223,6509,6795,7080,7366,7652,7938,8223,8509,8795,9090,9386,9684,9981,10277,10575,10873,11171,11469,11767,12065,12364,12663,12962,13260
78042,Magallanes,6536,6838,7139,7441,7742,8044,8345,8647,8948,9250,9563,9877,10190,10504,10820,11134,11449,11764,12080,12395,12711,13027,13344,13659,13976
78049,Río Chico,2926,3176,3426,3676,3926,4175,4425,4675,4925,5175,5437,5698,5961,6224,6487,6750,7014,7277,7540,7805,8069,8332,8597,8861,9126
82007,Belgrano,41449,41912,42376,42839,43302,43766,44229,44692,45156,45619,46186,46760,47341,47927,48517,49110,49705,50301,50897,51493,52086,52679,53269,53857,54442
82014,Caseros,79096,79616,80136,80657,81177,81697,82217,82738,83258,83778,84332,84893,85457,86021,86582,87140,87691,88236,88772,89297,89812,90314,90804,91281,91746
82021,Castellanos,162165,164298,166430,168563,170696,172828,174961,177094,179226,181359,183736,186140,188573,191030,193506,195997,198499,201008,203520,206032,208542,211047,213548,216041,218527
82028,Constitución,83045,83665,84285,84904,85524,86144,86764,87383,88003,88623,89409,90203,91002,91805,92609,93411,94211,95006,95794,96574,97346,98106,98857,99596,100325
82035,Garay,19913,20067,20221,20375,20529,20683,20837,20991,21145,21299,21502,21707,21914,22122,22330,22540,22747,22954,23160,23364,23566,23766,23964,24159,24352
82042,General López,182113,183523,184932,186342,187751,189161,190570,191980,193389,194799,196496,198209,199936,201668,203403,205133,206858,208572,210270,211950,213608,215245,216859,218447,220011
82049,General Obligado,166436,167919,169403,170886,172369,173853,175336,176819,178303,179786,181709,183653,185616,187591,189576,191565,193554,195540,197519,199488,201445,203388,205315,207225,209119
82056,Iriondo,65486,65771,66056,66342,66627,66912,67197,67483,67768,68053,68459,68868,69280,69691,70100,70505,70905,71298,71685,72062,72429,72787,73133,73469,73794
82063,La Capital,489505,494607,499709,504811,509913,515015,520117,525219,530321,535423,540161,544947,549769,554611,559457,564297,569119,573912,578665,583368,588016,592604,597127,601585,605978
82070,Las Colonias,95202,96495,97788,99081,100374,101666,102959,104252,105545,106838,108342,109866,111409,112969,114544,116129,117726,119328,120936,122547,124160,125772,127385,128997,130607
82077,9 de Julio,28273,28510,28748,28985,29223,29460,29698,29935,30173,30410,30720,31033,31348,31666,31986,32306,32624,32942,33260,33574,33886,34195,34502,34806,35107
82084,Rosario,1121441,1132191,1142941,1153690,1164440,1175190,1185940,1196689,1207439,1218189,1225561,1233017,1240495,1247966,1255394,1262751,1270018,1277164,1284166,1291010,1297681,1304168,1310461,1316568,1322478
82091,San Cristobal,64935,65522,66109,66695,67282,67869,68456,69042,69629,70216,70905,71600,72302,73008,73715,74423,75129,75833,76534,77228,77917,78599,79273,79940,80600
82098,San Javier,29912,30097,30283,30468,30654,30839,31025,31210,31396,31581,31829,32080,32332,32585,32837,33089,33339,33588,33832,34075,34313,34547,34778,35004,35226
82105,San Jerónimo,77253,77828,78404,78979,79555,80130,80706,81281,81857,82432,83177,83930,84689,85451,86214,86977,87737,88492,89243,89985,90720,91445,92161,92866,93563
82112,San Justo,40379,40532,40685,40838,40991,41143,41296,41449,41602,41755,41988,42222,42458,42693,42926,43157,43385,43608,43827,44041,44247,44447,44642,44830,45010
82119,San Lorenzo,142097,144092,146088,148083,150079,152074,154070,156065,158061,160056,162403,164777,167185,169621,172080,174559,177054,179564,182083,184609,187140,189674,192210,194747,197285
82126,San Martín,60698,61188,61677,62167,62657,63146,63636,64126,64615,65105,65670,66242,66816,67394,67971,68548,69123,69694,70259,70819,71372,71918,72455,72985,73506
82133,Vera,51303,51446,51588,51731,51873,52016,52158,52301,52443,52586,52823,53065,53306,53546,53785,54019,54250,54474,54691,54902,55104,55298,55484,55660,55829
86007,Aguirre,7035,7104,7173,7243,7312,7381,7450,7520,7589,7658,7739,7821,7904,7989,8074,8159,8244,8329,8415,8500,8585,8668,8751,8833,8913
86014,Alberdi,15617,15809,16001,16192,16384,16576,16768,16959,17151,17343,17576,17811,18050,18290,18532,18776,19021,19266,19511,19755,19997,20236,20474,20708,20938
86021,Atamisqui,9809,9938,10068,10197,10326,10456,10585,10714,10844,10973,11131,11293,11455,11619,11784,11951,12118,12286,12452,12619,12784,12948,13110,13269,13426
86028,Avellaneda,19348,19520,19693,19865,20037,20210,20382,20554,20727,20899,21098,21298,21501,21706,21912,22119,22328,22536,22745,22952,23158,23362,23564,23763,23958
86035,Banda,128387,130004,131621,133238,134855,136473,138090,139707,141324,142941,144913,146908,148924,150962,153014,155079,157154,159233,161307,163370,165419,167451,169458,171438,173384
86042,Belgrano,7950,8096,8242,8388,8534,8680,8826,8972,9118,9264,9445,9630,9815,10002,10190,10381,10571,10763,10954,11144,11332,11519,11703,11886,12065
86049,Capital,244567,247250,249933,252616,255299,257981,260664,263347,266030,268713,271543,274405,277307,280230,283187,286150,289136,292124,295109,298076,301019,303936,306825,309665,312462
86056,Copo,26984,27873,28761,29650,30539,31427,32316,33205,34093,34982,35127,35274,35422,35573,35724,35876,36029,36182,36334,36486,36637,36786,36934,37080,37223
86063,Choya,33720,33472,33223,32975,32726,32478,32229,31981,31732,31484,32113,32751,33396,34048,34703,35364,36028,36692,37356,38016,38671,39321,39963,40597,41219
86070,Figueroa,17495,17551,17607,17663,17719,17774,17830,17886,17942,17998,18050,18102,18154,18207,18260,18315,18368,18422,18476,18529,18582,18635,18687,18739,18789
86077,General Taboada,36683,36876,37070,37263,37457,37650,37844,38037,38231,38424,38626,38832,39039,39249,39459,39672,39885,40098,40310,40522,40732,40941,41146,41349,41549
86084,Guasayán,7404,7434,7464,7493,7523,7553,7583,7612,7642,7672,7701,7730,7759,7789,7818,7847,7878,7908,7937,7967,7997,8026,8055,8083,8111
86091,Jiménez,13170,13310,13451,13591,13732,13872,14013,14153,14294,14434,14599,14767,14936,15107,15278,15450,15625,15798,15972,16144,16316,16485,16654,16820,16983
86098,Juan F. Ibarra,16937,17075,17212,17350,17488,17625,17763,17901,18038,18176,18328,18482,18638,18796,18955,19113,19273,19435,19595,19753,19912,20068,20223,20376,20526
86105,Loreto,17442,17736,18030,18323,18617,18911,19205,19498,19792,20086,20447,20810,21179,21551,21925,22303,22681,23060,23439,23815,24190,24560,24926,25287,25643
86112,Mitre,1813,1823,1834,1844,1854,1865,1875,1885,1896,1906,1918,1930,1941,1953,1965,1977,1990,2002,2014,2026,2038,2050,2062,2074,2084
86119,Moreno,28053,28517,28981,29445,29909,30372,30836,31300,31764,32228,32796,33371,33953,34541,35131,35727,36325,36924,37521,38117,38706,39292,39871,40441,41002
86126,Ojo de agua,13352,13437,13522,13607,13692,13778,13863,13948,14033,14118,14211,14306,14402,14499,14596,14695,14793,14892,14991,15089,15186,15283,15377,15471,15564
86133,Pelegrini,19517,19646,19775,19904,20033,20161,20290,20419,20548,20677,20821,20965,21110,21258,21407,21556,21706,21857,22007,22156,22304,22452,22597,22740,22881
86140,Quebrachos,11331,11264,11197,11129,11062,10995,10928,10860,10793,10726,10672,10616,10559,10499,10440,10380,10319,10258,10197,10136,10077,10019,9962,9906,9852
86147,Río Hondo,50781,51272,51763,52254,52745,53236,53727,54218,54709,55200,55776,56359,56948,57544,58142,58746,59352,59958,60564,61166,61764,62357,62943,63521,64089
86154,Rivadavia,4916,4933,4949,4966,4982,4999,5015,5032,5048,5065,5081,5097,5113,5130,5146,5163,5179,5197,5213,5230,5246,5263,5279,5295,5311
86161,Robles,40060,40567,41074,41581,42088,42596,43103,43610,44117,44624,45234,45850,46473,47102,47735,48373,49013,49655,50296,50933,51565,52192,52812,53423,54024
86168,Salavina,10664,10735,10807,10878,10949,11021,11092,11163,11235,11306,11385,11465,11545,11626,11708,11791,11874,11957,12039,12123,12204,12285,12365,12444,12522
86175,San Martín,9148,9231,9314,9397,9480,9564,9647,9730,9813,9896,9995,10095,10196,10297,10400,10503,10606,10710,10814,10917,11019,11121,11221,11320,11417
86182,Sarmiento,4669,4668,4667,4666,4665,4665,4664,4663,4662,4661,4672,4684,4696,4706,4718,4728,4739,4751,4762,4772,4784,4795,4806,4817,4829
86189,Silípica,7605,7626,7647,7667,7688,7709,7730,7750,7771,7792,7812,7832,7853,7874,7894,7915,7937,7958,7979,8000,8021,8042,8062,8083,8102
90007,Burruyacú,32936,33495,34054,34612,35171,35730,36289,36847,37406,37965,38697,39430,40165,40898,41628,42356,43081,43802,44518,45225,45927,46620,47306,47983,48651
90084,Capital,527607,531786,535966,540145,544324,548504,552683,556862,561042,565221,569307,573408,577503,581601,585681,589748,593798,597822,601811,605767,609681,613557,617384,621165,624890
90021,Chicligasta,75133,76010,76887,77764,78641,79518,80395,81272,82149,83026,84179,85335,86492,87647,88798,89945,91088,92223,93351,94466,95570,96664,97745,98812,99865
90014,Cruz Alta,162240,164815,167390,169964,172539,175114,177689,180263,182838,185413,188882,192359,195839,199313,202777,206227,209664,213080,216470,219826,223148,226437,229688,232897,236062
90028,Famallá,30951,31454,31958,32461,32965,33468,33972,34475,34979,35482,36156,36832,37508,38182,38856,39526,40193,40857,41516,42167,42813,43451,44083,44707,45321
90035,Graneros,13063,13163,13263,13362,13462,13562,13662,13761,13861,13961,14083,14207,14330,14453,14576,14698,14820,14941,15062,15181,15299,15416,15531,15645,15758
90042,Juan B. Alberdi,28206,28527,28849,29170,29492,29813,30135,30456,30778,31099,31522,31946,32370,32795,33217,33638,34057,34474,34888,35297,35703,36104,36500,36892,37278
90049,La Cocha,17683,17890,18097,18304,18511,18719,18926,19133,19340,19547,19817,20087,20357,20627,20896,21164,21431,21697,21960,22222,22479,22735,22988,23237,23484
90056,Leales,51090,51697,52305,52912,53520,54127,54735,55342,55950,56557,57202,57848,58496,59142,59786,60428,61067,61703,62334,62958,63575,64187,64792,65389,65977
90063,Lules,57235,58673,60111,61550,62988,64426,65864,67303,68741,70179,72144,74113,76085,78053,80014,81970,83916,85852,87772,89673,91554,93417,95259,97076,98869
90070,Monteros,58442,59218,59994,60771,61547,62323,63099,63876,64652,65428,66428,67430,68433,69434,70432,71427,72417,73402,74379,75346,76303,77251,78188,79112,80025
90077,Río Chico,52925,53541,54157,54772,55388,56004,56620,57235,57851,58467,59280,60094,60910,61725,62536,63344,64150,64950,65745,66531,67310,68080,68842,69594,70336
90091,Simoca,29932,30141,30350,30558,30767,30976,31185,31393,31602,31811,32068,32326,32585,32843,33100,33356,33612,33865,34116,34366,34613,34856,35098,35336,35572
90098,Tafí del Valle,13883,14047,14212,14376,14541,14705,14870,15034,15199,15363,15578,15794,16011,16226,16441,16656,16869,17082,17293,17502,17708,17912,18114,18314,18511
90105,Tafí Viejo,108017,109891,111766,113640,115514,117389,119263,121137,123012,124886,127430,129980,132531,135080,137619,140149,142669,145174,147660,150121,152557,154969,157352,159705,162025
90112,Trancas,15473,15736,16000,16263,16527,16790,17054,17317,17581,17844,18200,18555,18912,19268,19623,19976,20328,20679,21026,21369,21710,22047,22380,22709,23033
90119,Yerba Buena,63707,65181,66656,68130,69604,71079,72553,74027,75502,76976,78959,80945,82933,84918,86898,88868,90832,92785,94721,96639,98537,100415,102273,104107,105914
94007,Río Grande,55131,57060,58989,60918,62847,64775,66704,68633,70562,72491,74777,77079,79395,81723,84061,86410,88768,91133,93507,95889,98277,100678,103088,105505,107928
94014,Ushuaia,45785,47248,48712,50175,51639,53102,54566,56029,57493,58956,60745,62546,64357,66179,68008,69844,71689,73541,75399,77260,79129,81007,82892,84783,86678
94028,Antártida Argentina,163,169,174,180,186,191,197,203,208,214,220,227,235,241,248,255,263,270,277,283,291,298,305,313,320
