FRAC_REF_ID;DPTO_REF_ID;IDFRAC
1;1;01
2;1;02
3;1;03
4;1;04
5;1;05
6;1;06
7;1;07
8;1;08
9;1;09
10;1;10
11;1;11
12;1;12
13;1;13
14;1;14
15;1;15
16;1;16
17;1;17
18;1;18
19;1;19
20;1;20
21;1;21
22;1;22
23;1;23
24;1;24
25;1;25
26;1;26
27;1;27
28;1;28
29;1;29
30;2;01
31;2;02
32;2;03
33;2;04
34;2;05
35;2;06
36;2;07
37;2;08
38;2;09
39;2;10
40;2;11
41;2;12
42;2;13
43;2;14
44;2;15
45;2;16
46;2;17
47;2;18
48;2;19
49;2;20
50;2;21
51;2;22
52;2;23
53;2;24
54;2;25
55;3;01
56;3;02
57;3;03
58;3;04
59;3;05
60;3;06
61;3;07
62;3;08
63;3;09
64;3;10
65;3;11
66;3;12
67;3;13
68;3;14
69;3;15
70;3;16
71;3;17
72;3;18
73;3;19
74;3;20
75;3;21
76;3;22
77;3;23
78;3;24
79;3;25
80;3;26
81;3;27
82;4;01
83;4;02
84;4;03
85;4;04
86;4;05
87;4;06
88;4;07
89;4;08
90;4;09
91;4;10
92;4;11
93;4;12
94;4;13
95;4;14
96;4;15
97;4;16
98;4;17
99;4;18
100;4;19
101;4;20
102;4;21
103;4;22
104;4;23
105;4;24
106;4;25
107;4;26
108;5;01
109;5;02
110;5;03
111;5;04
112;5;05
113;5;06
114;5;07
115;5;08
116;5;09
117;5;10
118;5;11
119;5;12
120;5;13
121;5;14
122;5;15
123;5;16
124;5;17
125;5;18
126;5;19
127;5;20
128;5;21
129;5;22
130;6;01
131;6;02
132;6;03
133;6;04
134;6;05
135;6;06
136;6;07
137;6;08
138;6;09
139;6;10
140;6;11
141;6;12
142;6;13
143;6;14
144;6;15
145;6;16
146;6;17
147;6;18
148;6;19
149;6;20
150;6;21
151;7;01
152;7;02
153;7;03
154;7;04
155;7;05
156;7;06
157;7;07
158;7;08
159;7;09
160;7;10
161;7;11
162;7;12
163;7;13
164;7;14
165;7;15
166;7;16
167;7;17
168;7;18
169;7;19
170;7;20
171;7;21
172;7;22
173;7;23
174;7;24
175;8;01
176;8;02
177;8;03
178;8;04
179;8;05
180;8;06
181;8;07
182;8;08
183;8;09
184;8;10
185;8;11
186;8;12
187;8;13
188;8;14
189;8;15
190;8;16
191;8;17
192;9;01
193;9;02
194;9;03
195;9;04
196;9;05
197;9;06
198;9;07
199;9;08
200;9;09
201;9;10
202;9;11
203;9;12
204;9;13
205;9;14
206;9;15
207;9;16
208;10;01
209;10;02
210;10;03
211;10;04
212;10;05
213;10;06
214;10;07
215;10;08
216;10;09
217;10;10
218;10;11
219;10;12
220;10;13
221;10;14
222;10;15
223;10;16
224;10;17
225;10;18
226;10;19
227;11;01
228;11;02
229;11;03
230;11;04
231;11;05
232;11;06
233;11;07
234;11;08
235;11;09
236;11;10
237;11;11
238;11;12
239;11;13
240;11;14
241;11;15
242;11;16
243;11;17
244;11;18
245;11;19
246;11;20
247;11;21
248;11;22
249;12;01
250;12;02
251;12;03
252;12;04
253;12;05
254;12;06
255;12;07
256;12;08
257;12;09
258;12;10
259;12;11
260;12;12
261;12;13
262;12;14
263;12;15
264;12;16
265;12;17
266;12;18
267;12;19
268;12;20
269;12;21
270;12;22
271;13;01
272;13;02
273;13;03
274;13;04
275;13;05
276;13;06
277;13;07
278;13;08
279;13;09
280;13;10
281;13;11
282;13;12
283;13;13
284;13;14
285;13;15
286;13;16
287;13;17
288;13;18
289;13;19
290;13;20
291;13;21
292;13;22
293;13;23
294;13;24
295;13;25
296;13;26
297;13;27
298;13;28
299;13;29
300;14;01
301;14;02
302;14;03
303;14;04
304;14;05
305;14;06
306;14;07
307;14;08
308;14;09
309;14;10
310;14;11
311;14;12
312;14;13
313;14;14
314;14;15
315;14;16
316;14;17
317;14;18
318;14;19
319;14;20
320;14;21
321;14;22
322;14;23
323;14;24
324;14;25
325;14;26
326;14;27
327;14;28
328;14;29
329;14;30
330;14;31
331;15;01
332;15;02
333;15;03
334;15;04
335;15;05
336;15;06
337;15;07
338;15;08
339;15;09
340;15;10
341;15;11
342;15;12
343;15;13
344;15;14
345;15;15
346;15;16
347;15;17
348;15;18
349;15;19
350;15;20
351;15;21
352;16;01
353;16;02
354;16;03
355;16;04
356;16;05
357;16;06
358;16;07
359;16;08
360;16;09
361;16;10
362;16;11
363;16;12
364;16;13
365;16;14
366;16;15
367;16;16
368;16;17
369;16;18
370;16;19
371;16;20
372;16;21
373;16;22
374;16;23
375;16;24
376;16;25
377;16;26
378;16;27
379;16;28
380;16;29
381;16;30
382;16;31
383;16;32
384;16;33
385;16;34
386;16;35
387;16;36
388;16;37
389;16;38
390;16;39
391;17;01
392;17;02
393;17;03
394;17;04
395;17;05
396;17;06
397;17;07
398;17;08
399;17;09
400;17;10
401;17;11
402;17;12
403;17;13
404;17;14
405;17;15
406;17;16
407;17;17
408;17;18
409;17;19
410;17;20
411;17;21
412;17;22
413;17;23
414;17;24
415;17;25
416;17;26
417;17;27
418;17;28
419;17;29
420;17;30
421;17;31
422;17;32
423;17;33
424;17;34
425;17;35
426;18;01
427;18;02
428;18;03
429;18;04
430;18;05
431;18;06
432;18;07
433;18;08
434;18;09
435;18;10
436;18;11
437;18;12
438;18;13
439;18;14
440;18;15
441;18;16
442;18;17
443;18;18
444;18;19
445;18;20
446;18;21
447;18;22
448;18;23
449;18;24
450;19;01
451;19;02
452;19;03
453;19;04
454;19;05
455;19;06
456;19;07
457;19;08
458;19;09
459;19;10
460;19;11
461;19;12
462;19;13
463;19;14
464;19;15
465;19;16
466;19;17
467;20;01
468;20;02
469;20;03
470;20;04
471;20;05
472;20;06
473;20;07
474;20;08
475;20;09
476;20;10
477;20;11
478;21;01
479;21;02
480;21;03
481;21;04
482;21;05
483;21;06
484;21;07
485;21;08
486;21;09
487;21;10
488;21;11
489;21;12
490;21;13
491;21;14
492;21;15
493;21;16
494;21;17
495;21;18
496;21;19
497;21;20
498;21;21
499;21;22
500;22;01
501;22;02
502;22;03
503;22;04
504;22;05
505;22;06
506;22;07
507;22;08
508;22;09
509;22;10
510;22;11
511;22;12
512;22;13
513;22;14
514;22;15
515;22;16
516;22;17
517;22;18
518;22;19
519;22;20
520;22;21
521;22;22
522;22;23
523;22;24
524;22;25
525;22;26
526;22;27
527;22;28
528;22;29
529;22;30
530;22;31
531;22;32
532;22;33
533;22;34
534;22;35
535;22;36
536;22;37
537;23;01
538;23;02
539;23;03
540;23;04
541;23;05
542;23;06
543;23;07
544;23;08
545;23;09
546;23;10
547;23;11
548;23;12
549;23;13
550;23;14
551;23;15
552;24;01
553;24;02
554;24;03
555;24;04
556;24;05
557;24;06
558;24;07
559;24;08
560;24;09
561;24;10
562;24;11
563;24;12
564;24;13
565;25;01
566;25;02
567;25;03
568;25;04
569;25;05
570;25;06
571;25;07
572;25;08
573;25;09
574;25;10
575;25;11
576;25;12
577;25;13
578;25;14
579;25;15
580;26;01
581;26;02
582;26;03
583;26;04
584;26;05
585;26;06
586;26;07
587;26;08
588;26;09
589;26;10
590;26;11
591;26;12
592;26;13
593;26;14
594;26;15
595;26;16
596;26;17
597;26;18
598;26;19
599;26;20
600;26;21
601;26;22
602;26;23
603;26;24
604;26;25
605;26;26
606;26;27
607;26;28
608;26;29
609;26;30
610;26;31
611;26;32
612;26;33
613;26;34
614;26;35
615;26;36
616;26;37
617;26;38
618;26;39
619;26;40
620;26;41
621;26;42
622;26;43
623;26;44
624;26;45
625;26;46
626;26;47
627;26;48
628;26;49
629;26;50
630;26;51
631;26;52
632;26;53
633;26;54
634;26;55
635;26;56
636;26;57
637;26;58
638;26;59
639;26;60
640;26;61
641;26;62
642;26;63
643;26;64
644;26;65
645;26;66
646;26;67
647;26;68
648;26;69
649;26;70
650;26;71
651;26;72
652;26;73
653;26;74
654;26;75
655;26;76
656;26;77
657;26;78
658;26;79
659;26;80
660;26;81
661;26;82
662;26;83
663;26;84
664;26;85
665;26;86
666;26;87
667;26;88
668;26;89
669;26;90
670;26;91
671;26;92
672;26;93
673;26;94
674;26;95
675;26;96
676;26;97
677;27;01
678;27;02
679;27;03
680;27;04
681;27;05
682;27;06
683;27;07
684;27;08
685;27;09
686;27;10
687;27;11
688;27;12
689;27;13
690;27;14
691;27;15
692;27;16
693;27;17
694;27;18
695;27;19
696;27;20
697;27;21
698;27;22
699;27;23
700;27;24
701;27;25
702;27;26
703;27;27
704;27;28
705;27;29
706;27;30
707;27;31
708;27;32
709;27;33
710;27;34
711;27;35
712;27;36
713;27;37
714;27;38
715;27;39
716;27;40
717;27;41
718;27;42
719;27;43
720;27;44
721;27;45
722;28;01
723;28;02
724;28;03
725;28;04
726;28;05
727;28;06
728;28;07
729;28;08
730;28;09
731;28;10
732;28;11
733;28;12
734;28;13
735;28;14
736;28;15
737;28;16
738;28;17
739;28;18
740;28;19
741;28;20
742;28;21
743;28;22
744;28;23
745;28;24
746;28;25
747;28;26
748;28;27
749;28;28
750;28;29
751;28;30
752;28;31
753;28;32
754;28;33
755;28;34
756;28;35
757;28;36
758;28;37
759;28;38
760;28;39
761;28;40
762;28;41
763;28;42
764;28;43
765;28;44
766;28;45
767;28;46
768;28;47
769;28;48
770;28;49
771;28;50
772;28;51
773;29;01
774;29;02
775;29;03
776;29;04
777;29;05
778;29;06
779;29;07
780;29;08
781;29;09
782;29;10
783;29;11
784;29;12
785;29;13
786;29;14
787;29;15
788;29;16
789;29;17
790;29;18
791;29;19
792;29;20
793;29;21
794;30;01
795;30;02
796;30;03
797;30;04
798;30;05
799;30;06
800;30;07
801;30;08
802;30;09
803;30;10
804;30;11
805;30;12
806;30;13
807;30;14
808;30;15
809;30;16
810;30;17
811;30;18
812;30;19
813;30;20
814;30;21
815;30;22
816;30;23
817;30;24
818;30;25
819;30;26
820;30;27
821;30;28
822;30;29
823;30;30
824;30;31
825;30;32
826;30;33
827;30;34
828;31;01
829;31;02
830;31;03
831;31;04
832;31;05
833;31;06
834;31;07
835;31;08
836;31;09
837;31;10
838;31;11
839;31;12
840;31;13
841;31;14
842;31;15
843;31;16
844;31;17
845;31;18
846;31;19
847;31;20
848;31;21
849;31;22
850;31;23
851;31;24
852;31;25
853;32;01
854;32;02
855;32;03
856;32;04
857;32;05
858;32;06
859;32;07
860;32;08
861;32;09
862;32;10
863;32;11
864;32;12
865;32;13
866;32;14
867;32;15
868;32;16
869;32;17
870;32;18
871;32;19
872;32;20
873;32;21
874;32;22
875;32;23
876;32;24
877;32;25
878;32;26
879;32;27
880;32;28
881;32;29
882;32;30
883;32;31
884;33;01
885;33;02
886;33;03
887;33;04
888;33;05
889;33;06
890;33;07
891;33;08
892;33;09
893;33;10
894;33;11
895;33;12
896;33;13
897;33;14
898;33;15
899;33;16
900;33;17
901;33;18
902;33;19
903;33;20
904;33;21
905;33;22
906;33;23
907;33;24
908;33;25
909;33;26
910;33;27
911;33;28
912;33;29
913;33;30
914;33;31
915;33;32
916;33;33
917;33;34
918;33;35
919;33;36
920;33;37
921;33;38
922;33;39
923;33;40
924;33;41
925;33;42
926;33;43
927;33;44
928;34;01
929;34;02
930;34;03
931;34;04
932;34;05
933;34;06
934;34;07
935;34;08
936;34;09
937;34;10
938;34;11
939;34;12
940;34;13
941;34;14
942;34;15
943;35;01
944;35;02
945;35;03
946;35;04
947;35;05
948;35;06
949;35;07
950;35;08
951;35;09
952;35;10
953;35;11
954;35;12
955;35;13
956;35;14
957;35;15
958;35;16
959;35;17
960;35;18
961;35;19
962;35;20
963;35;21
964;35;22
965;35;23
966;35;24
967;35;25
968;35;26
969;35;27
970;36;01
971;36;02
972;36;03
973;36;04
974;36;05
975;36;06
976;36;07
977;36;08
978;36;09
979;36;10
980;36;11
981;36;12
982;36;13
983;36;14
984;36;15
985;36;16
986;36;17
987;36;18
988;37;01
989;37;02
990;37;03
991;37;04
992;37;05
993;37;06
994;37;07
995;37;08
996;37;09
997;37;10
998;37;11
999;37;12
1000;37;13
1001;37;14
1002;37;15
1003;37;16
1004;37;17
1005;37;18
1006;37;19
1007;37;20
1008;37;21
1009;37;22
1010;37;23
1011;37;24
1012;37;25
1013;37;26
1014;38;01
1015;38;02
1016;38;03
1017;38;04
1018;38;05
1019;38;06
1020;38;07
1021;38;08
1022;38;09
1023;38;10
1024;38;11
1025;38;12
1026;38;13
1027;38;14
1028;38;15
1029;38;16
1030;38;17
1031;38;18
1032;38;19
1033;38;20
1034;38;21
1035;38;22
1036;38;23
1037;38;24
1038;38;25
1039;38;26
1040;38;27
1041;38;28
1042;38;29
1043;38;30
1044;38;31
1045;38;32
1046;39;01
1047;39;02
1048;39;03
1049;39;04
1050;39;05
1051;39;06
1052;39;07
1053;39;08
1054;39;09
1055;39;10
1056;39;11
1057;39;12
1058;39;13
1059;39;14
1060;39;15
1061;39;16
1062;39;17
1063;39;18
1064;39;19
1065;39;20
1066;39;21
1067;39;22
1068;39;23
1069;39;24
1070;39;25
1071;39;26
1072;39;27
1073;39;28
1074;39;29
1075;39;30
1076;39;31
1077;39;32
1078;39;33
1079;40;01
1080;40;02
1081;40;03
1082;40;04
1083;40;05
1084;40;06
1085;40;07
1086;40;08
1087;40;09
1088;40;10
1089;40;11
1090;41;01
1091;41;02
1092;41;03
1093;41;04
1094;41;05
1095;41;06
1096;41;07
1097;41;08
1098;41;09
1099;41;10
1100;41;11
1101;41;12
1102;41;13
1103;41;14
1104;41;15
1105;42;01
1106;42;02
1107;42;03
1108;42;04
1109;42;05
1110;42;06
1111;42;07
1112;42;08
1113;42;09
1114;42;10
1115;43;01
1116;43;02
1117;43;03
1118;43;04
1119;43;05
1120;43;06
1121;43;07
1122;43;08
1123;43;09
1124;43;10
1125;43;11
1126;43;12
1127;43;13
1128;43;14
1129;43;15
1130;43;16
1131;43;17
1132;43;18
1133;43;19
1134;44;01
1135;44;02
1136;44;03
1137;44;04
1138;44;05
1139;44;06
1140;44;07
1141;44;08
1142;44;09
1143;44;10
1144;44;11
1145;44;12
1146;44;13
1147;44;14
1148;44;15
1149;44;16
1150;44;17
1151;44;18
1152;44;19
1153;44;20
1154;44;21
1155;44;22
1156;44;23
1157;44;24
1158;44;25
1159;45;01
1160;45;02
1161;45;03
1162;45;04
1163;45;05
1164;45;06
1165;45;07
1166;45;08
1167;45;09
1168;45;10
1169;45;11
1170;45;12
1171;45;13
1172;45;14
1173;45;15
1174;45;16
1175;45;17
1176;45;18
1177;45;19
1178;45;20
1179;45;21
1180;45;22
1181;45;23
1182;45;24
1183;45;25
1184;45;26
1185;45;27
1186;45;28
1187;45;29
1188;45;30
1189;45;31
1190;45;32
1191;46;01
1192;46;02
1193;46;03
1194;46;04
1195;46;05
1196;46;06
1197;46;07
1198;46;08
1199;46;09
1200;46;10
1201;46;11
1202;46;12
1203;46;13
1204;47;01
1205;47;02
1206;47;03
1207;47;04
1208;47;05
1209;47;06
1210;47;07
1211;47;08
1212;47;09
1213;47;10
1214;47;11
1215;47;12
1216;48;01
1217;48;02
1218;48;03
1219;48;04
1220;48;05
1221;48;06
1222;48;07
1223;48;08
1224;48;09
1225;48;10
1226;48;11
1227;48;12
1228;48;13
1229;48;14
1230;49;01
1231;49;02
1232;49;03
1233;49;04
1234;49;05
1235;49;06
1236;49;07
1237;49;08
1238;49;09
1239;49;10
1240;49;11
1241;49;12
1242;50;01
1243;50;02
1244;50;03
1245;50;04
1246;50;05
1247;50;06
1248;50;07
1249;50;08
1250;51;01
1251;51;02
1252;51;03
1253;51;04
1254;51;05
1255;51;06
1256;51;07
1257;51;08
1258;51;09
1259;51;10
1260;51;11
1261;51;12
1262;51;13
1263;51;14
1264;52;01
1265;52;02
1266;52;03
1267;52;04
1268;52;05
1269;52;06
1270;52;07
1271;52;08
1272;52;09
1273;52;10
1274;52;11
1275;52;12
1276;52;13
1277;52;14
1278;53;01
1279;53;02
1280;53;03
1281;53;04
1282;53;05
1283;53;06
1284;53;07
1285;53;08
1286;53;09
1287;53;10
1288;54;01
1289;54;02
1290;54;03
1291;54;04
1292;54;05
1293;54;06
1294;54;07
1295;54;08
1296;54;09
1297;54;10
1298;55;01
1299;55;02
1300;55;03
1301;55;04
1302;55;05
1303;55;06
1304;55;07
1305;55;08
1306;55;09
1307;55;10
1308;56;01
1309;56;02
1310;56;03
1311;56;04
1312;56;05
1313;56;06
1314;57;01
1315;57;02
1316;57;03
1317;57;04
1318;57;05
1319;57;06
1320;57;07
1321;57;08
1322;57;09
1323;57;10
1324;57;11
1325;57;12
1326;58;01
1327;58;02
1328;58;03
1329;58;04
1330;58;05
1331;58;06
1332;58;07
1333;58;08
1334;58;09
1335;59;01
1336;59;02
1337;59;03
1338;59;04
1339;59;05
1340;59;06
1341;59;07
1342;59;08
1343;60;01
1344;60;02
1345;60;03
1346;60;04
1347;60;05
1348;60;06
1349;60;07
1350;60;08
1351;60;09
1352;60;10
1353;60;11
1354;61;01
1355;61;02
1356;61;03
1357;61;04
1358;61;05
1359;61;06
1360;62;01
1361;62;02
1362;62;03
1363;62;04
1364;62;05
1365;62;06
1366;62;07
1367;62;08
1368;62;09
1369;62;10
1370;62;11
1371;63;01
1372;63;02
1373;63;03
1374;63;04
1375;63;05
1376;63;06
1377;63;07
1378;63;08
1379;63;09
1380;63;10
1381;63;11
1382;63;12
1383;63;13
1384;63;14
1385;63;15
1386;63;16
1387;63;17
1388;64;01
1389;64;02
1390;64;03
1391;64;04
1392;64;05
1393;64;06
1394;64;07
1395;64;08
1396;64;09
1397;64;10
1398;64;11
1399;64;12
1400;64;13
1401;64;14
1402;64;15
1403;65;01
1404;65;02
1405;65;03
1406;65;04
1407;65;05
1408;65;06
1409;65;07
1410;65;08
1411;65;09
1412;65;10
1413;65;11
1414;65;12
1415;65;13
1416;65;14
1417;65;15
1418;65;16
1419;66;01
1420;66;02
1421;66;03
1422;66;04
1423;66;05
1424;66;06
1425;66;07
1426;66;08
1427;66;09
1428;66;10
1429;66;11
1430;66;12
1431;66;13
1432;67;01
1433;67;02
1434;67;03
1435;67;04
1436;67;05
1437;67;06
1438;67;07
1439;67;08
1440;67;09
1441;67;10
1442;67;11
1443;67;12
1444;68;01
1445;68;02
1446;68;03
1447;68;04
1448;68;05
1449;68;06
1450;68;07
1451;68;08
1452;68;09
1453;68;10
1454;68;11
1455;68;12
1456;68;13
1457;68;14
1458;68;15
1459;68;16
1460;68;17
1461;68;18
1462;68;19
1463;68;20
1464;68;21
1465;68;22
1466;69;01
1467;69;02
1468;69;03
1469;69;04
1470;69;05
1471;69;06
1472;69;07
1473;69;08
1474;69;09
1475;69;10
1476;69;11
1477;69;12
1478;70;01
1479;70;02
1480;70;03
1481;70;04
1482;70;05
1483;70;06
1484;70;07
1485;70;08
1486;70;09
1487;70;10
1488;70;11
1489;71;01
1490;71;02
1491;71;03
1492;71;04
1493;71;05
1494;72;01
1495;72;02
1496;72;03
1497;72;04
1498;72;05
1499;72;06
1500;72;07
1501;72;08
1502;72;09
1503;72;10
1504;72;11
1505;72;12
1506;72;13
1507;72;14
1508;72;15
1509;72;16
1510;73;01
1511;73;02
1512;73;03
1513;73;04
1514;73;05
1515;73;06
1516;73;07
1517;74;01
1518;74;02
1519;75;01
1520;75;02
1521;75;03
1522;75;04
1523;75;05
1524;75;06
1525;75;07
1526;75;08
1527;75;09
1528;75;10
1529;75;11
1530;75;12
1531;76;01
1532;76;02
1533;76;03
1534;76;04
1535;76;05
1536;76;06
1537;76;07
1538;77;01
1539;77;02
1540;77;03
1541;77;04
1542;77;05
1543;77;06
1544;77;07
1545;77;08
1546;78;01
1547;78;02
1548;78;03
1549;78;04
1550;78;05
1551;78;06
1552;78;07
1553;78;08
1554;79;01
1555;79;02
1556;79;03
1557;79;04
1558;79;05
1559;79;06
1560;79;07
1561;79;08
1562;79;09
1563;79;10
1564;80;01
1565;80;02
1566;80;03
1567;80;04
1568;80;05
1569;80;06
1570;80;07
1571;81;01
1572;81;02
1573;81;03
1574;81;04
1575;81;05
1576;81;06
1577;81;07
1578;81;08
1579;81;09
1580;81;10
1581;81;11
1582;81;12
1583;81;13
1584;82;01
1585;82;02
1586;82;03
1587;82;04
1588;82;05
1589;82;06
1590;83;01
1591;83;02
1592;83;03
1593;83;04
1594;83;05
1595;83;06
1596;83;07
1597;83;08
1598;83;09
1599;83;10
1600;84;01
1601;84;02
1602;84;03
1603;84;04
1604;84;05
1605;84;06
1606;84;07
1607;84;08
1608;85;01
1609;85;02
1610;85;03
1611;85;04
1612;85;05
1613;85;06
1614;85;07
1615;85;08
1616;85;09
1617;85;10
1618;86;01
1619;86;02
1620;86;03
1621;86;04
1622;86;05
1623;86;06
1624;86;07
1625;86;08
1626;86;09
1627;86;10
1628;86;11
1629;86;12
1630;86;13
1631;86;14
1632;86;15
1633;86;16
1634;86;17
1635;86;18
1636;86;19
1637;86;20
1638;86;21
1639;86;22
1640;86;23
1641;86;24
1642;86;25
1643;86;26
1644;86;27
1645;86;28
1646;86;29
1647;86;30
1648;86;31
1649;86;32
1650;86;33
1651;86;34
1652;86;35
1653;86;36
1654;86;37
1655;86;38
1656;86;39
1657;86;40
1658;86;41
1659;86;42
1660;86;43
1661;86;44
1662;86;45
1663;86;46
1664;86;47
1665;86;48
1666;86;49
1667;86;50
1668;86;51
1669;86;52
1670;86;53
1671;86;54
1672;86;55
1673;86;56
1674;86;57
1675;86;58
1676;86;59
1677;86;60
1678;86;61
1679;86;62
1680;86;63
1681;86;64
1682;86;65
1683;86;66
1684;86;67
1685;86;68
1686;86;69
1687;86;70
1688;86;71
1689;86;72
1690;86;73
1691;86;74
1692;86;75
1693;86;76
1694;86;77
1695;86;78
1696;86;79
1697;86;80
1698;86;81
1699;86;82
1700;86;83
1701;87;01
1702;87;02
1703;87;03
1704;87;04
1705;87;05
1706;87;06
1707;87;07
1708;87;08
1709;88;01
1710;88;02
1711;88;03
1712;88;04
1713;88;05
1714;88;06
1715;88;07
1716;88;08
1717;88;09
1718;88;10
1719;88;11
1720;89;01
1721;89;02
1722;89;03
1723;89;04
1724;89;05
1725;89;06
1726;89;07
1727;89;08
1728;89;09
1729;89;10
1730;89;11
1731;89;12
1732;89;13
1733;89;14
1734;89;15
1735;90;01
1736;90;02
1737;90;03
1738;90;04
1739;90;05
1740;90;06
1741;90;07
1742;90;08
1743;91;01
1744;91;02
1745;91;03
1746;92;01
1747;92;02
1748;92;03
1749;92;04
1750;92;05
1751;92;06
1752;92;07
1753;92;09
1754;92;11
1755;92;13
1756;92;14
1757;92;15
1758;92;16
1759;92;18
1760;92;19
1761;92;21
1762;92;22
1763;93;01
1764;93;02
1765;93;03
1766;93;04
1767;93;05
1768;93;06
1769;93;07
1770;93;08
1771;93;09
1772;93;10
1773;93;11
1774;93;12
1775;93;13
1776;93;14
1777;93;15
1778;93;16
1779;93;17
1780;93;18
1781;93;19
1782;93;20
1783;93;21
1784;93;22
1785;94;01
1786;94;02
1787;94;03
1788;94;04
1789;94;05
1790;94;06
1791;94;07
1792;94;08
1793;94;09
1794;94;10
1795;94;11
1796;94;12
1797;94;13
1798;94;14
1799;94;15
1800;94;16
1801;94;17
1802;94;18
1803;94;19
1804;94;20
1805;94;21
1806;94;22
1807;94;23
1808;94;24
1809;94;25
1810;94;26
1811;94;27
1812;94;28
1813;94;29
1814;94;30
1815;94;31
1816;94;32
1817;94;33
1818;94;34
1819;94;35
1820;94;36
1821;94;37
1822;94;38
1823;94;39
1824;94;40
1825;94;41
1826;94;42
1827;94;43
1828;94;44
1829;94;45
1830;94;46
1831;94;47
1832;94;48
1833;94;49
1834;94;50
1835;94;51
1836;94;52
1837;94;53
1838;94;54
1839;94;55
1840;94;56
1841;94;57
1842;94;58
1843;94;59
1844;94;60
1845;94;61
1846;94;62
1847;94;63
1848;94;64
1849;94;65
1850;94;66
1851;94;67
1852;94;68
1853;94;69
1854;94;70
1855;94;71
1856;95;01
1857;95;02
1858;95;03
1859;95;04
1860;95;05
1861;95;06
1862;95;07
1863;95;08
1864;95;09
1865;95;10
1866;95;11
1867;95;12
1868;96;01
1869;96;02
1870;96;03
1871;96;04
1872;96;05
1873;96;06
1874;96;07
1875;96;08
1876;96;09
1877;96;10
1878;96;11
1879;96;12
1880;96;13
1881;96;14
1882;97;01
1883;97;02
1884;97;03
1885;97;04
1886;97;05
1887;97;06
1888;97;07
1889;97;08
1890;97;09
1891;97;10
1892;97;11
1893;97;12
1894;98;01
1895;98;02
1896;98;03
1897;98;04
1898;98;05
1899;98;06
1900;98;07
1901;98;08
1902;98;09
1903;98;10
1904;98;11
1905;98;12
1906;98;13
1907;98;14
1908;98;15
1909;99;01
1910;99;02
1911;99;03
1912;99;04
1913;99;05
1914;99;06
1915;99;07
1916;99;08
1917;99;09
1918;99;10
1919;99;11
1920;99;12
1921;99;13
1922;99;14
1923;100;01
1924;100;02
1925;100;03
1926;100;04
1927;100;05
1928;100;06
1929;100;07
1930;100;08
1931;100;09
1932;100;10
1933;101;01
1934;101;02
1935;101;03
1936;101;04
1937;101;05
1938;101;06
1939;101;07
1940;101;08
1941;101;09
1942;101;10
1943;101;11
1944;101;12
1945;101;13
1946;101;14
1947;102;01
1948;102;02
1949;102;03
1950;102;04
1951;103;01
1952;103;02
1953;103;03
1954;103;04
1955;103;05
1956;103;06
1957;103;07
1958;104;01
1959;104;02
1960;104;03
1961;104;04
1962;104;05
1963;104;06
1964;104;07
1965;104;08
1966;105;01
1967;105;02
1968;105;03
1969;105;04
1970;105;05
1971;105;06
1972;106;01
1973;106;02
1974;106;03
1975;106;04
1976;106;05
1977;106;06
1978;106;07
1979;106;08
1980;106;09
1981;106;10
1982;106;11
1983;106;12
1984;106;13
1985;106;14
1986;106;15
1987;107;01
1988;107;02
1989;107;03
1990;107;04
1991;107;05
1992;107;06
1993;107;07
1994;107;08
1995;107;09
1996;108;01
1997;108;02
1998;108;03
1999;109;01
2000;109;02
2001;109;03
2002;109;04
2003;109;05
2004;109;06
2005;109;07
2006;109;08
2007;109;09
2008;110;01
2009;110;02
2010;110;03
2011;110;04
2012;110;05
2013;110;06
2014;110;07
2015;110;08
2016;110;09
2017;110;10
2018;110;11
2019;110;12
2020;110;13
2021;110;14
2022;110;15
2023;110;16
2024;110;17
2025;110;18
2026;110;19
2027;111;01
2028;111;02
2029;111;03
2030;111;04
2031;111;05
2032;111;06
2033;111;07
2034;111;08
2035;111;09
2036;111;10
2037;111;11
2038;111;12
2039;111;13
2040;111;14
2041;111;15
2042;111;16
2043;111;17
2044;112;01
2045;112;02
2046;112;03
2047;112;04
2048;112;05
2049;112;06
2050;112;07
2051;112;08
2052;112;09
2053;112;10
2054;112;11
2055;112;12
2056;112;13
2057;112;14
2058;112;15
2059;112;16
2060;112;17
2061;112;18
2062;112;19
2063;112;20
2064;112;21
2065;112;22
2066;112;23
2067;112;24
2068;112;25
2069;112;26
2070;112;27
2071;113;01
2072;113;02
2073;113;03
2074;113;04
2075;113;05
2076;113;06
2077;113;07
2078;113;08
2079;113;09
2080;113;10
2081;113;11
2082;113;12
2083;113;13
2084;113;14
2085;113;15
2086;113;16
2087;114;01
2088;114;02
2089;114;03
2090;114;04
2091;114;05
2092;114;06
2093;114;07
2094;114;08
2095;114;09
2096;114;10
2097;114;11
2098;114;12
2099;114;13
2100;114;14
2101;114;15
2102;114;16
2103;114;17
2104;114;18
2105;114;19
2106;115;01
2107;115;02
2108;115;03
2109;116;01
2110;116;02
2111;116;03
2112;116;04
2113;116;05
2114;116;06
2115;116;07
2116;116;08
2117;116;09
2118;116;10
2119;116;11
2120;116;12
2121;116;13
2122;116;14
2123;116;15
2124;116;16
2125;116;17
2126;116;18
2127;116;19
2128;116;20
2129;116;21
2130;116;22
2131;116;23
2132;116;24
2133;116;25
2134;116;26
2135;116;27
2136;116;28
2137;116;29
2138;117;01
2139;117;02
2140;117;03
2141;117;04
2142;117;05
2143;117;06
2144;118;01
2145;118;02
2146;118;03
2147;118;04
2148;118;05
2149;118;06
2150;118;07
2151;118;08
2152;118;09
2153;118;10
2154;118;11
2155;118;12
2156;118;13
2157;118;14
2158;118;15
2159;118;16
2160;118;17
2161;118;18
2162;118;19
2163;118;20
2164;118;21
2165;118;22
2166;118;23
2167;119;01
2168;119;02
2169;119;03
2170;119;04
2171;119;05
2172;119;06
2173;120;01
2174;120;02
2175;120;03
2176;120;04
2177;120;05
2178;121;01
2179;121;02
2180;121;03
2181;121;04
2182;121;05
2183;121;06
2184;121;07
2185;121;08
2186;121;09
2187;121;10
2188;121;11
2189;121;12
2190;121;13
2191;122;01
2192;122;02
2193;122;03
2194;123;01
2195;123;02
2196;123;03
2197;123;04
2198;123;05
2199;123;06
2200;123;07
2201;123;08
2202;123;09
2203;123;10
2204;123;11
2205;123;12
2206;123;13
2207;124;01
2208;124;02
2209;124;03
2210;124;04
2211;124;05
2212;124;06
2213;124;07
2214;124;08
2215;124;09
2216;124;10
2217;124;11
2218;124;12
2219;124;13
2220;124;14
2221;125;01
2222;125;02
2223;125;03
2224;125;04
2225;125;05
2226;125;06
2227;125;07
2228;125;08
2229;125;09
2230;125;10
2231;125;11
2232;125;12
2233;126;01
2234;126;02
2235;126;03
2236;126;04
2237;126;05
2238;126;06
2239;126;07
2240;126;08
2241;126;09
2242;126;10
2243;126;11
2244;126;12
2245;126;13
2246;127;01
2247;127;02
2248;127;03
2249;127;04
2250;127;05
2251;127;06
2252;127;07
2253;128;01
2254;128;02
2255;128;03
2256;128;04
2257;128;05
2258;128;06
2259;128;07
2260;128;08
2261;128;09
2262;128;10
2263;128;11
2264;128;12
2265;129;01
2266;129;02
2267;129;03
2268;129;04
2269;129;05
2270;129;06
2271;129;07
2272;129;08
2273;129;09
2274;129;10
2275;129;11
2276;130;01
2277;130;02
2278;130;03
2279;130;04
2280;130;05
2281;130;06
2282;130;07
2283;130;08
2284;130;09
2285;131;01
2286;131;02
2287;132;01
2288;132;02
2289;132;03
2290;132;04
2291;132;05
2292;132;06
2293;132;07
2294;132;08
2295;132;09
2296;132;10
2297;132;11
2298;132;12
2299;132;13
2300;132;14
2301;132;15
2302;132;16
2303;133;01
2304;133;02
2305;133;03
2306;133;04
2307;133;05
2308;133;06
2309;133;07
2310;134;01
2311;134;02
2312;134;03
2313;134;04
2314;134;05
2315;134;06
2316;134;07
2317;134;08
2318;134;09
2319;134;10
2320;135;01
2321;135;02
2322;135;03
2323;135;04
2324;135;05
2325;135;06
2326;135;07
2327;135;08
2328;135;09
2329;135;10
2330;135;11
2331;135;12
2332;135;13
2333;135;14
2334;135;15
2335;135;16
2336;135;17
2337;135;18
2338;135;19
2339;135;20
2340;135;21
2341;136;01
2342;136;02
2343;136;03
2344;136;04
2345;136;05
2346;136;06
2347;136;07
2348;136;08
2349;136;09
2350;136;10
2351;136;11
2352;136;12
2353;136;13
2354;136;14
2355;136;15
2356;136;16
2357;136;17
2358;136;18
2359;136;19
2360;136;20
2361;136;21
2362;136;22
2363;136;23
2364;137;01
2365;137;02
2366;137;03
2367;137;04
2368;137;05
2369;137;06
2370;137;07
2371;137;08
2372;137;09
2373;137;10
2374;138;01
2375;138;02
2376;138;03
2377;138;04
2378;138;05
2379;138;06
2380;138;07
2381;138;08
2382;138;09
2383;138;10
2384;138;11
2385;138;12
2386;139;01
2387;139;02
2388;139;03
2389;139;04
2390;139;05
2391;139;06
2392;139;07
2393;139;08
2394;139;09
2395;139;10
2396;139;11
2397;139;12
2398;139;13
2399;139;14
2400;139;15
2401;139;16
2402;139;17
2403;139;18
2404;139;19
2405;139;20
2406;139;21
2407;139;22
2408;140;01
2409;140;02
2410;140;03
2411;140;04
2412;140;05
2413;140;06
2414;140;07
2415;140;08
2416;140;09
2417;140;10
2418;141;01
2419;141;02
2420;141;03
2421;141;04
2422;141;05
2423;141;06
2424;142;01
2425;142;02
2426;142;03
2427;142;04
2428;142;05
2429;142;06
2430;142;07
2431;142;08
2432;142;09
2433;143;01
2434;143;02
2435;143;03
2436;143;04
2437;143;05
2438;143;06
2439;143;07
2440;143;08
2441;143;09
2442;143;10
2443;143;11
2444;143;12
2445;143;13
2446;143;14
2447;143;15
2448;143;16
2449;143;17
2450;143;18
2451;143;19
2452;144;01
2453;144;02
2454;144;03
2455;144;04
2456;144;05
2457;144;06
2458;144;07
2459;144;08
2460;144;09
2461;144;10
2462;144;11
2463;144;12
2464;144;13
2465;144;14
2466;144;15
2467;144;16
2468;144;17
2469;144;18
2470;144;19
2471;145;01
2472;145;02
2473;146;01
2474;146;02
2475;146;03
2476;146;04
2477;146;05
2478;146;06
2479;146;07
2480;146;08
2481;146;09
2482;146;10
2483;146;11
2484;146;12
2485;146;13
2486;146;14
2487;147;01
2488;147;02
2489;147;03
2490;147;04
2491;147;05
2492;147;06
2493;147;07
2494;147;08
2495;148;01
2496;148;02
2497;148;03
2498;148;04
2499;148;05
2500;148;06
2501;148;07
2502;148;08
2503;148;09
2504;148;10
2505;148;11
2506;148;12
2507;148;13
2508;148;14
2509;148;15
2510;148;16
2511;148;17
2512;148;18
2513;149;01
2514;149;02
2515;149;03
2516;149;04
2517;149;05
2518;149;06
2519;149;07
2520;149;08
2521;149;09
2522;149;10
2523;149;11
2524;149;12
2525;149;13
2526;149;14
2527;149;15
2528;149;16
2529;149;17
2530;149;18
2531;150;01
2532;150;02
2533;150;03
2534;150;04
2535;151;01
2536;151;02
2537;151;03
2538;151;04
2539;151;05
2540;151;06
2541;151;07
2542;151;08
2543;151;09
2544;152;01
2545;152;02
2546;152;03
2547;152;04
2548;152;05
2549;152;06
2550;152;07
2551;152;08
2552;152;09
2553;152;10
2554;153;01
2555;153;02
2556;153;03
2557;154;01
2558;154;02
2559;154;03
2560;154;04
2561;154;05
2562;154;06
2563;155;01
2564;155;02
2565;155;03
2566;155;04
2567;155;05
2568;155;06
2569;156;01
2570;156;02
2571;156;03
2572;156;04
2573;156;05
2574;156;06
2575;156;07
2576;156;08
2577;156;09
2578;157;01
2579;157;02
2580;157;03
2581;157;04
2582;157;05
2583;157;06
2584;157;07
2585;158;01
2586;158;02
2587;159;01
2588;159;02
2589;159;03
2590;159;04
2591;160;01
2592;160;02
2593;160;03
2594;160;04
2595;160;05
2596;160;06
2597;161;01
2598;161;02
2599;161;03
2600;161;04
2601;162;01
2602;162;02
2603;162;03
2604;162;04
2605;162;05
2606;162;06
2607;162;07
2608;163;01
2609;163;02
2610;163;03
2611;163;04
2612;164;01
2613;164;02
2614;164;03
2615;164;04
2616;164;05
2617;164;06
2618;164;07
2619;164;08
2620;165;01
2621;165;02
2622;165;03
2623;165;04
2624;165;05
2625;166;01
2626;166;02
2627;166;03
2628;166;04
2629;166;05
2630;166;06
2631;166;07
2632;166;08
2633;166;09
2634;167;01
2635;167;02
2636;167;03
2637;167;04
2638;167;05
2639;167;06
2640;167;07
2641;167;08
2642;167;09
2643;167;10
2644;167;11
2645;167;12
2646;167;13
2647;167;14
2648;167;15
2649;167;16
2650;167;17
2651;167;18
2652;167;19
2653;167;20
2654;167;21
2655;167;22
2656;167;23
2657;167;24
2658;167;25
2659;167;26
2660;167;27
2661;167;28
2662;167;29
2663;167;30
2664;167;31
2665;167;32
2666;167;33
2667;167;34
2668;167;35
2669;167;36
2670;167;37
2671;167;38
2672;167;39
2673;167;40
2674;167;41
2675;167;42
2676;167;43
2677;167;44
2678;167;45
2679;167;46
2680;167;47
2681;167;48
2682;167;49
2683;167;50
2684;167;51
2685;167;52
2686;167;53
2687;167;54
2688;167;55
2689;167;56
2690;167;57
2691;167;58
2692;167;59
2693;167;60
2694;167;61
2695;167;62
2696;167;63
2697;167;64
2698;167;65
2699;167;66
2700;167;67
2701;167;68
2702;167;69
2703;167;70
2704;167;71
2705;167;72
2706;167;73
2707;167;74
2708;167;75
2709;167;76
2710;167;77
2711;167;78
2712;167;79
2713;167;80
2714;167;81
2715;167;82
2716;167;83
2717;167;84
2718;167;85
2719;167;86
2720;167;87
2721;167;88
2722;167;89
2723;167;90
2724;167;91
2725;167;92
2726;167;93
2727;167;94
2728;167;95
2729;167;96
2730;167;97
2731;167;98
2732;167;99
2733;168;01
2734;168;02
2735;168;03
2736;168;04
2737;168;05
2738;168;06
2739;168;07
2740;168;08
2741;168;09
2742;168;10
2743;168;11
2744;168;12
2745;168;13
2746;168;14
2747;168;15
2748;168;16
2749;168;17
2750;168;18
2751;168;19
2752;168;20
2753;168;21
2754;169;01
2755;169;02
2756;169;03
2757;169;04
2758;169;05
2759;169;06
2760;169;07
2761;170;01
2762;170;02
2763;170;03
2764;170;04
2765;170;05
2766;171;01
2767;171;02
2768;171;03
2769;171;04
2770;171;05
2771;171;06
2772;171;07
2773;171;08
2774;171;09
2775;171;10
2776;171;11
2777;172;01
2778;172;02
2779;172;03
2780;173;01
2781;173;02
2782;173;03
2783;173;04
2784;173;05
2785;173;06
2786;173;07
2787;174;01
2788;174;02
2789;174;03
2790;174;04
2791;174;05
2792;174;06
2793;174;07
2794;174;08
2795;174;09
2796;174;10
2797;174;11
2798;174;12
2799;174;13
2800;175;01
2801;175;02
2802;176;01
2803;176;02
2804;177;01
2805;177;02
2806;177;03
2807;177;04
2808;177;05
2809;178;01
2810;178;02
2811;178;03
2812;178;04
2813;178;05
2814;178;06
2815;178;07
2816;178;08
2817;178;09
2818;178;10
2819;178;11
2820;178;12
2821;178;13
2822;178;14
2823;178;15
2824;178;16
2825;178;17
2826;178;18
2827;178;19
2828;179;01
2829;179;02
2830;179;03
2831;179;04
2832;179;05
2833;179;06
2834;179;07
2835;179;08
2836;179;09
2837;179;10
2838;179;11
2839;179;12
2840;179;13
2841;179;14
2842;179;15
2843;179;16
2844;179;17
2845;179;18
2846;179;19
2847;179;20
2848;179;21
2849;179;22
2850;179;23
2851;179;24
2852;179;25
2853;179;26
2854;179;27
2855;179;28
2856;179;29
2857;180;01
2858;180;02
2859;180;03
2860;180;04
2861;180;05
2862;180;06
2863;181;01
2864;181;02
2865;181;03
2866;182;01
2867;182;02
2868;182;03
2869;182;04
2870;182;05
2871;182;06
2872;182;07
2873;182;08
2874;182;09
2875;183;01
2876;183;02
2877;183;03
2878;183;04
2879;183;05
2880;183;06
2881;183;07
2882;184;01
2883;184;02
2884;184;03
2885;184;04
2886;184;05
2887;184;06
2888;185;01
2889;185;02
2890;185;03
2891;185;04
2892;185;05
2893;185;06
2894;185;07
2895;185;08
2896;185;09
2897;185;10
2898;185;11
2899;185;12
2900;185;13
2901;185;14
2902;185;15
2903;185;16
2904;185;17
2905;185;18
2906;185;19
2907;186;01
2908;186;02
2909;186;03
2910;186;04
2911;186;05
2912;186;06
2913;186;07
2914;186;08
2915;186;09
2916;186;10
2917;187;01
2918;187;02
2919;188;01
2920;188;02
2921;188;03
2922;188;04
2923;188;05
2924;188;06
2925;188;07
2926;188;08
2927;188;09
2928;188;10
2929;188;11
2930;189;01
2931;189;02
2932;189;03
2933;190;01
2934;190;02
2935;191;01
2936;191;02
2937;191;03
2938;191;04
2939;191;05
2940;191;06
2941;191;07
2942;191;08
2943;191;09
2944;191;10
2945;191;11
2946;191;12
2947;191;13
2948;192;01
2949;192;02
2950;192;03
2951;192;04
2952;192;05
2953;192;06
2954;192;07
2955;192;08
2956;193;01
2957;193;02
2958;193;03
2959;193;04
2960;193;05
2961;194;01
2962;194;02
2963;194;03
2964;194;04
2965;194;05
2966;194;06
2967;194;07
2968;194;08
2969;194;09
2970;194;10
2971;194;11
2972;194;12
2973;194;13
2974;194;14
2975;194;15
2976;194;16
2977;194;17
2978;194;18
2979;194;19
2980;194;20
2981;194;21
2982;194;22
2983;194;23
2984;195;01
2985;195;02
2986;195;03
2987;195;04
2988;195;05
2989;195;06
2990;195;07
2991;196;01
2992;196;02
2993;196;03
2994;196;04
2995;196;05
2996;196;06
2997;196;07
2998;196;08
2999;196;09
3000;196;10
3001;196;11
3002;196;12
3003;196;13
3004;196;14
3005;196;15
3006;196;16
3007;196;17
3008;196;18
3009;196;19
3010;197;01
3011;197;02
3012;197;03
3013;197;04
3014;197;05
3015;197;06
3016;198;01
3017;198;02
3018;198;03
3019;198;04
3020;198;05
3021;198;06
3022;198;07
3023;198;08
3024;198;09
3025;198;10
3026;198;11
3027;199;01
3028;199;02
3029;199;03
3030;199;04
3031;199;05
3032;199;06
3033;200;01
3034;200;02
3035;200;03
3036;200;04
3037;200;05
3038;200;06
3039;200;07
3040;200;08
3041;200;09
3042;201;01
3043;201;02
3044;201;03
3045;201;04
3046;201;05
3047;201;06
3048;201;07
3049;201;08
3050;201;09
3051;201;10
3052;201;11
3053;201;12
3054;201;13
3055;201;14
3056;201;15
3057;201;16
3058;201;17
3059;201;18
3060;201;19
3061;201;20
3062;201;21
3063;201;22
3064;202;01
3065;202;02
3066;202;03
3067;202;04
3068;202;05
3069;202;06
3070;203;01
3071;203;02
3072;203;03
3073;203;04
3074;203;05
3075;203;06
3076;203;07
3077;203;08
3078;203;09
3079;203;10
3080;203;11
3081;203;12
3082;204;01
3083;204;02
3084;204;03
3085;204;04
3086;204;05
3087;204;06
3088;204;07
3089;204;08
3090;204;09
3091;205;01
3092;205;02
3093;205;03
3094;205;04
3095;205;05
3096;206;01
3097;206;02
3098;206;03
3099;206;04
3100;206;05
3101;206;06
3102;206;07
3103;206;08
3104;206;09
3105;206;10
3106;206;11
3107;206;12
3108;206;13
3109;206;14
3110;206;15
3111;206;16
3112;206;17
3113;206;18
3114;206;19
3115;206;20
3116;206;21
3117;207;01
3118;207;02
3119;207;03
3120;207;04
3121;207;05
3122;207;06
3123;207;07
3124;207;08
3125;207;09
3126;208;01
3127;208;02
3128;208;03
3129;208;04
3130;208;05
3131;208;06
3132;208;07
3133;208;08
3134;208;09
3135;208;10
3136;208;11
3137;208;12
3138;208;13
3139;208;14
3140;208;15
3141;209;01
3142;209;02
3143;209;03
3144;209;04
3145;209;05
3146;209;06
3147;209;07
3148;209;08
3149;209;09
3150;210;01
3151;210;02
3152;210;03
3153;210;04
3154;210;05
3155;210;06
3156;211;01
3157;211;02
3158;211;03
3159;211;04
3160;211;05
3161;211;06
3162;211;07
3163;211;08
3164;211;09
3165;212;01
3166;212;02
3167;212;03
3168;212;04
3169;212;05
3170;212;06
3171;212;07
3172;212;08
3173;212;09
3174;212;10
3175;212;11
3176;212;12
3177;213;01
3178;213;02
3179;213;03
3180;213;04
3181;213;05
3182;213;06
3183;213;07
3184;213;08
3185;213;09
3186;214;01
3187;214;02
3188;214;03
3189;214;04
3190;214;05
3191;214;06
3192;215;01
3193;215;02
3194;215;03
3195;215;04
3196;215;05
3197;215;06
3198;215;07
3199;215;08
3200;215;09
3201;215;10
3202;215;11
3203;215;12
3204;215;13
3205;215;14
3206;215;15
3207;215;16
3208;215;17
3209;216;01
3210;216;02
3211;216;03
3212;216;04
3213;216;05
3214;216;06
3215;216;07
3216;216;08
3217;217;01
3218;217;02
3219;217;03
3220;217;04
3221;217;05
3222;217;06
3223;217;07
3224;217;08
3225;217;09
3226;218;01
3227;218;02
3228;218;03
3229;218;04
3230;218;05
3231;218;06
3232;218;07
3233;218;08
3234;218;09
3235;219;01
3236;219;02
3237;219;03
3238;219;04
3239;219;05
3240;219;06
3241;219;07
3242;219;08
3243;219;09
3244;219;10
3245;219;11
3246;219;12
3247;219;13
3248;219;14
3249;219;15
3250;219;16
3251;219;17
3252;220;01
3253;220;02
3254;220;03
3255;220;04
3256;220;05
3257;221;01
3258;221;02
3259;221;03
3260;221;04
3261;221;05
3262;221;06
3263;221;07
3264;221;08
3265;221;09
3266;222;01
3267;222;02
3268;222;03
3269;223;01
3270;223;02
3271;223;03
3272;223;04
3273;223;05
3274;224;01
3275;224;02
3276;224;03
3277;224;04
3278;225;01
3279;225;02
3280;225;03
3281;225;04
3282;226;01
3283;226;02
3284;226;03
3285;226;04
3286;226;05
3287;226;06
3288;226;07
3289;226;08
3290;226;09
3291;227;01
3292;227;02
3293;227;03
3294;227;04
3295;227;05
3296;227;06
3297;228;01
3298;228;02
3299;228;03
3300;228;04
3301;229;01
3302;229;02
3303;229;03
3304;229;04
3305;229;05
3306;229;06
3307;229;07
3308;229;08
3309;229;09
3310;229;10
3311;229;11
3312;229;12
3313;230;01
3314;230;02
3315;230;03
3316;230;04
3317;230;05
3318;230;06
3319;230;07
3320;231;01
3321;231;02
3322;231;03
3323;231;04
3324;231;05
3325;231;06
3326;231;07
3327;232;01
3328;232;02
3329;232;03
3330;232;04
3331;233;01
3332;233;02
3333;233;03
3334;233;04
3335;233;05
3336;233;06
3337;233;07
3338;233;08
3339;233;09
3340;233;10
3341;234;01
3342;234;02
3343;234;03
3344;235;01
3345;235;02
3346;235;03
3347;236;01
3348;236;02
3349;236;03
3350;236;04
3351;236;05
3352;237;01
3353;237;02
3354;237;03
3355;237;04
3356;237;05
3357;237;06
3358;237;07
3359;237;08
3360;237;09
3361;237;10
3362;237;11
3363;237;12
3364;237;13
3365;237;14
3366;237;15
3367;237;16
3368;237;17
3369;237;18
3370;237;19
3371;237;20
3372;237;21
3373;237;22
3374;237;23
3375;237;24
3376;237;25
3377;237;26
3378;237;27
3379;237;28
3380;237;29
3381;237;30
3382;238;01
3383;238;02
3384;238;03
3385;238;04
3386;239;01
3387;239;02
3388;239;03
3389;240;01
3390;240;02
3391;240;03
3392;240;04
3393;241;01
3394;241;02
3395;241;03
3396;241;04
3397;242;01
3398;242;02
3399;242;03
3400;242;04
3401;242;05
3402;242;06
3403;242;07
3404;242;08
3405;242;09
3406;242;10
3407;243;01
3408;243;02
3409;243;03
3410;243;04
3411;243;05
3412;243;06
3413;243;07
3414;243;08
3415;243;09
3416;243;10
3417;243;11
3418;244;01
3419;244;02
3420;244;03
3421;244;04
3422;244;05
3423;244;06
3424;244;07
3425;244;08
3426;244;09
3427;244;10
3428;244;11
3429;244;12
3430;244;13
3431;244;14
3432;244;15
3433;244;16
3434;244;17
3435;244;18
3436;244;19
3437;245;01
3438;245;02
3439;245;03
3440;246;01
3441;246;02
3442;246;03
3443;246;04
3444;246;05
3445;246;06
3446;246;07
3447;247;01
3448;247;02
3449;247;03
3450;247;04
3451;248;01
3452;248;02
3453;249;01
3454;249;02
3455;249;03
3456;250;01
3457;250;02
3458;250;03
3459;250;04
3460;251;01
3461;251;02
3462;252;01
3463;252;02
3464;252;03
3465;252;04
3466;252;05
3467;252;06
3468;252;07
3469;252;08
3470;252;09
3471;252;10
3472;252;11
3473;252;12
3474;252;13
3475;253;01
3476;253;02
3477;253;03
3478;253;04
3479;253;05
3480;254;01
3481;254;02
3482;254;03
3483;254;04
3484;255;01
3485;255;02
3486;255;03
3487;256;01
3488;256;02
3489;257;01
3490;257;02
3491;257;03
3492;257;04
3493;257;05
3494;257;06
3495;257;07
3496;257;08
3497;257;09
3498;257;10
3499;257;11
3500;257;12
3501;258;01
3502;258;02
3503;258;03
3504;258;04
3505;258;05
3506;258;06
3507;258;07
3508;258;08
3509;258;09
3510;258;10
3511;258;11
3512;258;12
3513;258;13
3514;258;14
3515;258;15
3516;258;16
3517;259;01
3518;259;02
3519;259;03
3520;259;04
3521;259;05
3522;259;06
3523;259;07
3524;259;08
3525;259;09
3526;259;10
3527;259;11
3528;259;12
3529;259;13
3530;260;01
3531;260;02
3532;260;03
3533;260;04
3534;260;05
3535;260;06
3536;260;07
3537;260;08
3538;260;09
3539;260;10
3540;260;11
3541;260;12
3542;260;13
3543;261;01
3544;261;02
3545;261;03
3546;261;04
3547;261;05
3548;261;06
3549;261;07
3550;261;08
3551;261;09
3552;261;10
3553;261;11
3554;262;01
3555;262;02
3556;262;03
3557;262;04
3558;262;05
3559;262;06
3560;262;07
3561;263;01
3562;263;02
3563;263;03
3564;263;04
3565;263;05
3566;263;06
3567;263;07
3568;263;08
3569;263;09
3570;263;10
3571;264;01
3572;264;02
3573;264;03
3574;264;04
3575;264;05
3576;264;06
3577;264;07
3578;264;08
3579;264;09
3580;264;10
3581;264;11
3582;264;12
3583;264;13
3584;264;14
3585;264;15
3586;264;16
3587;264;17
3588;264;18
3589;265;01
3590;265;02
3591;265;03
3592;265;04
3593;265;05
3594;266;01
3595;266;02
3596;266;03
3597;266;04
3598;266;05
3599;266;06
3600;266;07
3601;266;08
3602;266;09
3603;266;10
3604;266;11
3605;266;12
3606;266;13
3607;266;14
3608;266;15
3609;267;01
3610;267;02
3611;267;03
3612;267;04
3613;267;05
3614;267;06
3615;267;07
3616;267;08
3617;267;09
3618;267;10
3619;267;11
3620;267;12
3621;268;01
3622;268;02
3623;268;03
3624;268;04
3625;268;05
3626;268;06
3627;268;07
3628;268;08
3629;268;09
3630;268;10
3631;268;11
3632;268;12
3633;268;13
3634;268;14
3635;268;15
3636;268;16
3637;268;17
3638;268;18
3639;268;19
3640;268;20
3641;268;21
3642;268;22
3643;268;23
3644;268;24
3645;268;25
3646;268;26
3647;268;27
3648;268;28
3649;268;29
3650;268;30
3651;268;31
3652;268;32
3653;268;33
3654;268;34
3655;268;35
3656;268;36
3657;268;37
3658;268;38
3659;268;39
3660;268;40
3661;268;41
3662;268;42
3663;268;43
3664;268;44
3665;268;45
3666;268;46
3667;269;01
3668;269;02
3669;269;03
3670;269;04
3671;269;05
3672;269;06
3673;269;07
3674;270;01
3675;270;02
3676;270;03
3677;270;04
3678;270;05
3679;270;06
3680;270;07
3681;270;08
3682;270;09
3683;270;10
3684;270;11
3685;271;01
3686;271;02
3687;271;03
3688;271;04
3689;271;05
3690;271;06
3691;271;07
3692;271;08
3693;271;09
3694;271;10
3695;271;11
3696;271;12
3697;271;13
3698;271;14
3699;271;15
3700;271;16
3701;271;17
3702;271;18
3703;272;01
3704;272;02
3705;272;03
3706;272;04
3707;272;05
3708;272;06
3709;272;07
3710;272;08
3711;273;01
3712;273;02
3713;273;03
3714;273;04
3715;273;05
3716;273;06
3717;273;07
3718;273;08
3719;273;09
3720;273;10
3721;273;11
3722;273;12
3723;273;13
3724;273;14
3725;274;01
3726;274;02
3727;274;03
3728;274;04
3729;274;05
3730;274;06
3731;274;07
3732;274;08
3733;275;01
3734;275;02
3735;275;03
3736;275;04
3737;275;05
3738;275;06
3739;275;07
3740;275;08
3741;275;09
3742;275;10
3743;275;11
3744;275;12
3745;275;13
3746;275;14
3747;275;15
3748;275;16
3749;275;17
3750;275;18
3751;275;19
3752;275;20
3753;275;21
3754;275;22
3755;276;01
3756;276;02
3757;276;03
3758;276;04
3759;276;05
3760;276;06
3761;276;07
3762;277;01
3763;277;02
3764;277;03
3765;278;01
3766;278;02
3767;278;03
3768;278;04
3769;278;05
3770;278;06
3771;278;07
3772;278;08
3773;278;09
3774;278;10
3775;278;11
3776;278;12
3777;278;13
3778;278;14
3779;278;15
3780;278;16
3781;278;17
3782;278;18
3783;278;19
3784;278;20
3785;278;21
3786;279;01
3787;279;02
3788;279;03
3789;279;04
3790;279;05
3791;280;01
3792;280;02
3793;280;03
3794;280;04
3795;280;05
3796;280;06
3797;280;07
3798;280;08
3799;280;09
3800;280;10
3801;280;11
3802;281;01
3803;281;02
3804;281;03
3805;281;04
3806;281;05
3807;281;06
3808;281;07
3809;281;08
3810;281;09
3811;281;10
3812;281;11
3813;281;12
3814;281;13
3815;281;14
3816;281;15
3817;281;16
3818;281;17
3819;281;18
3820;282;01
3821;282;02
3822;283;01
3823;283;02
3824;283;03
3825;283;04
3826;283;05
3827;284;01
3828;284;02
3829;284;03
3830;284;04
3831;284;05
3832;284;06
3833;284;07
3834;285;01
3835;285;02
3836;285;03
3837;285;04
3838;285;05
3839;285;06
3840;285;07
3841;285;08
3842;285;09
3843;285;10
3844;285;11
3845;285;12
3846;285;13
3847;285;14
3848;285;15
3849;286;01
3850;286;02
3851;286;03
3852;286;04
3853;286;05
3854;286;06
3855;287;01
3856;287;02
3857;287;03
3858;287;04
3859;287;05
3860;287;06
3861;288;01
3862;288;02
3863;288;03
3864;288;04
3865;288;05
3866;288;06
3867;289;01
3868;289;02
3869;289;03
3870;290;01
3871;290;02
3872;290;03
3873;291;01
3874;291;02
3875;291;03
3876;291;04
3877;291;05
3878;291;06
3879;292;01
3880;292;02
3881;292;03
3882;292;04
3883;292;05
3884;292;06
3885;293;01
3886;293;02
3887;293;03
3888;294;01
3889;294;02
3890;294;03
3891;294;04
3892;294;05
3893;295;01
3894;295;02
3895;295;03
3896;295;04
3897;295;05
3898;295;06
3899;296;01
3900;296;02
3901;296;03
3902;296;04
3903;296;05
3904;297;01
3905;297;02
3906;297;03
3907;297;04
3908;298;01
3909;298;02
3910;298;03
3911;298;04
3912;298;05
3913;298;06
3914;299;01
3915;299;02
3916;299;03
3917;299;04
3918;299;05
3919;300;01
3920;300;02
3921;301;01
3922;301;02
3923;301;03
3924;301;04
3925;301;05
3926;301;06
3927;301;07
3928;301;08
3929;301;09
3930;301;10
3931;302;01
3932;302;02
3933;302;03
3934;302;04
3935;303;01
3936;303;02
3937;303;03
3938;303;04
3939;303;05
3940;303;06
3941;303;07
3942;304;01
3943;304;02
3944;304;03
3945;305;01
3946;306;01
3947;306;02
3948;306;03
3949;306;04
3950;306;05
3951;306;06
3952;307;01
3953;308;01
3954;308;02
3955;308;03
3956;308;04
3957;308;05
3958;309;01
3959;309;02
3960;309;03
3961;309;04
3962;310;01
3963;310;02
3964;311;01
3965;312;01
3966;312;02
3967;312;03
3968;312;04
3969;313;01
3970;313;02
3971;313;03
3972;313;04
3973;313;05
3974;313;06
3975;313;07
3976;313;08
3977;313;09
3978;313;10
3979;314;01
3980;314;02
3981;314;03
3982;315;01
3983;315;02
3984;315;03
3985;315;04
3986;316;01
3987;316;02
3988;316;03
3989;316;04
3990;316;05
3991;317;01
3992;317;02
3993;317;03
3994;317;04
3995;317;05
3996;317;06
3997;317;07
3998;318;01
3999;318;02
4000;318;03
4001;319;01
4002;319;02
4003;319;03
4004;320;01
4005;320;02
4006;320;03
4007;320;04
4008;320;05
4009;320;06
4010;320;07
4011;321;01
4012;321;02
4013;322;01
4014;322;02
4015;322;03
4016;322;04
4017;322;05
4018;322;06
4019;322;07
4020;322;08
4021;322;09
4022;322;10
4023;322;11
4024;323;01
4025;323;02
4026;324;01
4027;324;02
4028;325;01
4029;325;02
4030;326;01
4031;326;02
4032;326;03
4033;326;04
4034;327;01
4035;327;02
4036;328;01
4037;329;01
4038;329;02
4039;330;01
4040;330;02
4041;331;01
4042;332;01
4043;332;02
4044;333;01
4045;333;02
4046;334;01
4047;335;01
4048;336;01
4049;336;02
4050;336;03
4051;337;01
4052;337;02
4053;338;01
4054;339;01
4055;339;02
4056;339;03
4057;339;04
4058;339;05
4059;339;06
4060;339;07
4061;339;08
4062;339;09
4063;339;10
4064;339;11
4065;339;12
4066;339;13
4067;340;01
4068;340;02
4069;340;03
4070;340;04
4071;340;05
4072;340;06
4073;340;07
4074;341;01
4075;341;02
4076;341;03
4077;341;04
4078;341;05
4079;341;06
4080;341;07
4081;341;08
4082;341;09
4083;341;10
4084;341;11
4085;341;12
4086;341;13
4087;341;14
4088;341;15
4089;341;16
4090;342;01
4091;342;02
4092;342;03
4093;342;04
4094;342;05
4095;342;06
4096;342;07
4097;342;08
4098;342;09
4099;342;10
4100;342;11
4101;342;12
4102;342;13
4103;342;14
4104;342;15
4105;342;16
4106;342;17
4107;342;18
4108;342;19
4109;342;20
4110;343;01
4111;343;02
4112;343;03
4113;343;04
4114;343;05
4115;344;01
4116;344;02
4117;344;03
4118;344;04
4119;345;01
4120;345;02
4121;345;03
4122;345;04
4123;345;05
4124;345;06
4125;345;07
4126;345;08
4127;345;09
4128;345;10
4129;345;11
4130;345;12
4131;345;13
4132;345;14
4133;346;01
4134;346;02
4135;346;03
4136;346;04
4137;346;05
4138;346;06
4139;346;07
4140;347;01
4141;347;02
4142;347;03
4143;347;04
4144;347;05
4145;347;06
4146;347;07
4147;347;08
4148;347;09
4149;347;10
4150;347;11
4151;348;01
4152;348;02
4153;348;03
4154;348;04
4155;348;05
4156;348;06
4157;348;07
4158;348;08
4159;348;09
4160;348;10
4161;349;01
4162;349;02
4163;349;03
4164;349;04
4165;350;01
4166;350;02
4167;350;03
4168;350;04
4169;350;05
4170;350;06
4171;350;07
4172;350;08
4173;351;01
4174;351;02
4175;351;03
4176;351;04
4177;351;05
4178;351;06
4179;352;01
4180;352;02
4181;352;03
4182;352;04
4183;352;05
4184;352;06
4185;352;07
4186;352;08
4187;352;09
4188;353;01
4189;353;02
4190;353;03
4191;353;04
4192;353;05
4193;353;06
4194;353;07
4195;353;08
4196;353;09
4197;353;10
4198;353;11
4199;353;12
4200;353;13
4201;353;14
4202;353;15
4203;353;16
4204;353;17
4205;353;18
4206;353;19
4207;354;01
4208;354;02
4209;354;03
4210;354;04
4211;354;05
4212;354;06
4213;355;01
4214;355;02
4215;355;03
4216;355;04
4217;355;05
4218;355;06
4219;356;01
4220;356;02
4221;356;03
4222;356;04
4223;356;05
4224;357;01
4225;357;02
4226;357;03
4227;357;04
4228;357;05
4229;357;06
4230;358;01
4231;358;02
4232;358;03
4233;358;04
4234;358;05
4235;358;06
4236;358;07
4237;358;08
4238;358;09
4239;358;10
4240;359;01
4241;359;02
4242;359;03
4243;359;04
4244;359;05
4245;359;06
4246;359;07
4247;360;01
4248;360;02
4249;360;03
4250;360;04
4251;360;05
4252;360;06
4253;360;07
4254;360;08
4255;360;09
4256;360;10
4257;360;11
4258;360;12
4259;360;13
4260;360;14
4261;360;15
4262;360;16
4263;360;17
4264;360;18
4265;360;19
4266;360;20
4267;360;21
4268;360;22
4269;360;23
4270;360;24
4271;361;01
4272;361;02
4273;361;03
4274;361;04
4275;362;01
4276;362;02
4277;362;03
4278;362;04
4279;362;05
4280;362;06
4281;362;07
4282;362;08
4283;362;09
4284;362;10
4285;363;01
4286;363;02
4287;363;03
4288;363;04
4289;364;01
4290;364;02
4291;364;03
4292;364;04
4293;364;05
4294;364;06
4295;364;07
4296;364;08
4297;364;09
4298;365;01
4299;365;02
4300;365;03
4301;365;04
4302;365;05
4303;365;06
4304;365;07
4305;365;08
4306;365;09
4307;365;10
4308;365;11
4309;366;01
4310;366;02
4311;366;03
4312;366;04
4313;366;05
4314;366;06
4315;366;07
4316;366;08
4317;367;01
4318;367;02
4319;367;03
4320;367;04
4321;367;05
4322;367;06
4323;367;07
4324;367;08
4325;368;01
4326;368;02
4327;368;03
4328;368;04
4329;368;05
4330;368;06
4331;368;07
4332;368;08
4333;368;09
4334;369;01
4335;369;02
4336;369;03
4337;369;04
4338;369;05
4339;369;06
4340;369;07
4341;369;08
4342;369;09
4343;369;10
4344;369;11
4345;369;12
4346;369;13
4347;370;01
4348;370;02
4349;370;03
4350;370;04
4351;370;05
4352;370;06
4353;370;07
4354;370;08
4355;370;09
4356;370;10
4357;370;11
4358;370;12
4359;371;01
4360;371;02
4361;371;03
4362;371;04
4363;372;01
4364;372;02
4365;372;03
4366;372;04
4367;372;05
4368;372;06
4369;372;07
4370;373;01
4371;373;02
4372;373;03
4373;373;04
4374;373;05
4375;373;06
4376;374;01
4377;374;02
4378;374;03
4379;375;01
4380;376;01
4381;377;01
4382;378;01
4383;378;02
4384;378;03
4385;378;04
4386;378;05
4387;378;06
4388;378;07
4389;378;08
4390;378;09
4391;378;10
4392;378;11
4393;378;12
4394;378;13
4395;378;14
4396;378;15
4397;378;16
4398;378;17
4399;378;18
4400;378;19
4401;378;20
4402;378;21
4403;378;22
4404;378;23
4405;378;24
4406;378;25
4407;379;01
4408;379;02
4409;380;01
4410;380;02
4411;380;03
4412;380;04
4413;381;01
4414;381;02
4415;381;03
4416;381;04
4417;381;05
4418;382;01
4419;383;01
4420;383;02
4421;384;01
4422;384;02
4423;385;01
4424;386;01
4425;386;02
4426;386;03
4427;387;01
4428;387;02
4429;388;01
4430;388;02
4431;389;01
4432;389;02
4433;389;03
4434;389;04
4435;390;01
4436;390;02
4437;390;03
4438;390;04
4439;390;05
4440;390;06
4441;390;07
4442;390;08
4443;390;09
4444;390;10
4445;390;11
4446;391;01
4447;391;02
4448;391;03
4449;391;04
4450;391;05
4451;391;06
4452;391;07
4453;391;08
4454;391;09
4455;391;10
4456;391;11
4457;392;01
4458;392;02
4459;392;03
4460;392;04
4461;392;05
4462;392;06
4463;392;07
4464;392;08
4465;392;09
4466;392;10
4467;392;11
4468;392;12
4469;392;13
4470;392;14
4471;392;15
4472;392;16
4473;392;17
4474;392;18
4475;392;19
4476;393;01
4477;393;02
4478;393;03
4479;393;04
4480;394;01
4481;395;01
4482;395;02
4483;395;03
4484;395;04
4485;395;05
4486;395;06
4487;395;07
4488;395;08
4489;395;09
4490;395;10
4491;395;11
4492;395;12
4493;395;13
4494;395;14
4495;395;15
4496;395;16
4497;395;17
4498;395;18
4499;395;19
4500;395;20
4501;395;21
4502;395;22
4503;395;23
4504;395;24
4505;395;25
4506;395;26
4507;395;27
4508;395;28
4509;395;29
4510;395;30
4511;395;31
4512;395;32
4513;395;33
4514;395;34
4515;395;35
4516;395;36
4517;395;37
4518;395;38
4519;395;39
4520;395;40
4521;395;41
4522;395;42
4523;395;43
4524;396;01
4525;397;01
4526;398;01
4527;398;02
4528;398;03
4529;398;04
4530;399;01
4531;399;02
4532;400;01
4533;400;02
4534;400;03
4535;400;04
4536;400;05
4537;400;06
4538;401;01
4539;401;02
4540;401;99
4541;402;01
4542;402;02
4543;402;03
4544;402;04
4545;403;01
4546;403;02
4547;403;03
4548;403;04
4549;403;05
4550;403;06
4551;404;01
4552;404;02
4553;405;01
4554;405;02
4555;406;01
4556;406;02
4557;406;03
4558;406;04
4559;406;05
4560;406;06
4561;406;07
4562;406;08
4563;406;09
4564;406;10
4565;406;11
4566;406;12
4567;406;13
4568;406;14
4569;406;15
4570;406;16
4571;406;17
4572;406;18
4573;406;19
4574;406;20
4575;406;21
4576;406;22
4577;406;23
4578;406;24
4579;406;25
4580;406;26
4581;406;27
4582;406;28
4583;407;01
4584;407;02
4585;408;01
4586;408;02
4587;409;01
4588;409;02
4589;409;03
4590;409;04
4591;410;01
4592;410;02
4593;410;03
4594;410;04
4595;410;05
4596;410;06
4597;410;07
4598;410;08
4599;410;09
4600;410;10
4601;411;01
4602;411;02
4603;412;01
4604;412;02
4605;412;03
4606;412;04
4607;412;05
4608;413;01
4609;413;02
4610;413;03
4611;414;01
4612;414;02
4613;415;01
4614;415;02
4615;416;01
4616;416;02
4617;417;01
4618;417;02
4619;418;01
4620;418;02
4621;418;03
4622;418;04
4623;419;01
4624;419;02
4625;420;01
4626;420;02
4627;420;03
4628;420;04
4629;420;05
4630;420;06
4631;420;07
4632;420;08
4633;421;01
4634;421;02
4635;421;03
4636;422;01
4637;422;02
4638;422;03
4639;422;04
4640;423;01
4641;423;02
4642;423;03
4643;423;04
4644;423;05
4645;424;01
4646;424;02
4647;425;01
4648;425;02
4649;425;03
4650;426;01
4651;426;02
4652;426;03
4653;426;04
4654;426;05
4655;427;01
4656;427;02
4657;427;03
4658;428;01
4659;428;02
4660;428;03
4661;428;04
4662;428;05
4663;428;06
4664;428;07
4665;429;01
4666;429;02
4667;429;03
4668;429;04
4669;429;05
4670;429;06
4671;429;07
4672;429;08
4673;429;09
4674;430;01
4675;430;02
4676;430;03
4677;430;04
4678;430;05
4679;430;06
4680;430;07
4681;431;01
4682;431;02
4683;431;03
4684;431;04
4685;431;05
4686;432;01
4687;432;02
4688;432;03
4689;432;04
4690;433;01
4691;433;02
4692;433;03
4693;433;04
4694;433;05
4695;433;06
4696;433;07
4697;434;01
4698;434;02
4699;435;01
4700;435;02
4701;435;03
4702;435;04
4703;435;05
4704;436;01
4705;436;02
4706;436;03
4707;436;04
4708;436;05
4709;436;06
4710;436;07
4711;436;08
4712;436;09
4713;436;10
4714;437;01
4715;437;02
4716;437;03
4717;437;04
4718;437;05
4719;437;06
4720;438;01
4721;438;02
4722;439;01
4723;439;02
4724;439;03
4725;439;04
4726;440;01
4727;440;02
4728;440;03
4729;441;01
4730;441;02
4731;442;01
4732;442;02
4733;442;03
4734;443;01
4735;443;02
4736;443;03
4737;443;04
4738;444;01
4739;444;02
4740;445;01
4741;445;02
4742;445;03
4743;445;04
4744;445;05
4745;446;01
4746;446;02
4747;446;03
4748;446;04
4749;446;05
4750;447;01
4751;447;02
4752;447;03
4753;447;04
4754;448;01
4755;448;02
4756;448;03
4757;448;04
4758;449;01
4759;449;02
4760;449;03
4761;449;04
4762;449;05
4763;449;06
4764;449;07
4765;449;08
4766;449;09
4767;449;10
4768;449;11
4769;449;12
4770;449;13
4771;449;14
4772;449;15
4773;449;16
4774;449;17
4775;449;18
4776;450;01
4777;450;02
4778;450;03
4779;450;04
4780;450;05
4781;450;06
4782;451;01
4783;451;02
4784;451;03
4785;451;04
4786;452;01
4787;452;02
4788;452;03
4789;452;04
4790;452;05
4791;452;06
4792;452;07
4793;452;08
4794;452;09
4795;452;10
4796;452;11
4797;452;12
4798;452;13
4799;452;14
4800;452;15
4801;452;16
4802;452;17
4803;452;18
4804;452;19
4805;453;01
4806;453;02
4807;453;03
4808;453;04
4809;453;05
4810;454;01
4811;454;02
4812;454;03
4813;454;04
4814;454;05
4815;454;06
4816;455;01
4817;455;02
4818;455;03
4819;455;04
4820;455;05
4821;455;06
4822;455;07
4823;455;08
4824;455;09
4825;455;10
4826;455;11
4827;455;12
4828;456;01
4829;456;02
4830;456;03
4831;456;04
4832;456;05
4833;456;06
4834;456;07
4835;456;08
4836;456;09
4837;456;10
4838;456;11
4839;456;12
4840;456;13
4841;456;14
4842;457;01
4843;457;02
4844;457;03
4845;457;04
4846;457;05
4847;457;06
4848;457;07
4849;458;01
4850;458;02
4851;458;03
4852;458;04
4853;458;05
4854;458;06
4855;459;01
4856;459;02
4857;459;03
4858;460;01
4859;460;02
4860;460;03
4861;460;04
4862;460;05
4863;461;01
4864;461;02
4865;461;03
4866;461;04
4867;462;01
4868;462;02
4869;462;03
4870;462;04
4871;462;05
4872;462;06
4873;462;90
4874;463;01
4875;463;02
4876;463;03
4877;463;04
4878;463;05
4879;463;06
4880;463;07
4881;463;08
4882;463;09
4883;463;10
4884;464;01
4885;464;02
4886;464;03
4887;464;04
4888;464;05
4889;464;92
4890;465;01
4891;465;02
4892;466;01
4893;466;02
4894;466;03
4895;466;04
4896;466;05
4897;466;06
4898;466;07
4899;466;08
4900;466;09
4901;466;10
4902;466;11
4903;466;12
4904;466;91
4905;467;01
4906;467;02
4907;467;03
4908;467;04
4909;467;05
4910;467;06
4911;467;07
4912;467;08
4913;467;09
4914;467;10
4915;468;01
4916;468;02
4917;468;03
4918;468;04
4919;468;05
4920;469;01
4921;469;02
4922;469;03
4923;469;04
4924;469;05
4925;469;06
4926;469;07
4927;469;08
4928;469;09
4929;469;10
4930;469;11
4931;469;12
4932;469;13
4933;469;14
4934;469;15
4935;469;16
4936;469;17
4937;469;18
4938;469;19
4939;469;20
4940;469;21
4941;469;22
4942;469;23
4943;469;24
4944;469;25
4945;469;26
4946;469;27
4947;469;28
4948;469;29
4949;469;30
4950;469;31
4951;469;32
4952;469;33
4953;469;34
4954;469;35
4955;470;01
4956;470;02
4957;470;03
4958;470;04
4959;470;05
4960;470;06
4961;470;07
4962;471;01
4963;471;02
4964;471;03
4965;471;04
4966;472;01
4967;472;02
4968;472;03
4969;472;04
4970;472;05
4971;472;06
4972;472;07
4973;472;08
4974;472;09
4975;472;10
4976;472;11
4977;472;12
4978;472;13
4979;472;14
4980;472;15
4981;472;16
4982;472;17
4983;472;18
4984;472;19
4985;472;20
4986;472;21
4987;472;22
4988;472;23
4989;472;24
4990;472;25
4991;472;26
4992;472;27
4993;472;28
4994;472;29
4995;472;30
4996;472;31
4997;472;32
4998;472;33
4999;472;34
5000;472;35
5001;472;36
5002;472;37
5003;472;38
5004;472;39
5005;472;40
5006;472;41
5007;472;42
5008;472;43
5009;472;44
5010;472;45
5011;472;46
5012;472;47
5013;472;48
5014;472;49
5015;472;50
5016;472;51
5017;472;52
5018;472;53
5019;472;54
5020;472;55
5021;472;56
5022;472;57
5023;472;58
5024;472;59
5025;472;60
5026;472;61
5027;472;62
5028;472;63
5029;472;64
5030;472;65
5031;472;66
5032;472;67
5033;472;68
5034;472;69
5035;472;70
5036;472;71
5037;472;72
5038;472;73
5039;472;74
5040;472;75
5041;472;76
5042;472;77
5043;472;78
5044;472;79
5045;472;80
5046;472;81
5047;472;82
5048;472;83
5049;472;84
5050;472;85
5051;472;86
5052;472;87
5053;472;88
5054;472;89
5055;472;90
5056;472;95
5057;473;01
5058;473;02
5059;473;03
5060;473;04
5061;473;05
5062;473;06
5063;474;01
5064;474;02
5065;474;03
5066;474;04
5067;475;01
5068;475;02
5069;475;03
5070;475;04
5071;475;05
5072;476;01
5073;476;02
5074;476;03
5075;476;04
5076;477;01
5077;477;02
5078;477;03
5079;477;04
5080;477;05
5081;477;06
5082;477;07
5083;477;08
5084;477;09
5085;477;10
5086;477;93
5087;477;94
5088;477;96
5089;477;97
5090;478;01
5091;478;02
5092;478;03
5093;478;04
5094;478;05
5095;479;01
5096;479;02
5097;479;03
5098;479;04
5099;479;05
5100;479;06
5101;480;01
5102;480;02
5103;480;03
5104;481;01
5105;481;02
5106;481;03
5107;481;04
5108;481;05
5109;481;06
5110;481;07
5111;481;08
5112;481;09
5113;482;01
5114;482;02
5115;482;03
5116;483;01
5117;483;02
5118;483;03
5119;483;04
5120;483;05
5121;484;01
5122;484;02
5123;484;03
5124;484;04
5125;484;05
5126;484;06
5127;484;07
5128;484;08
5129;484;09
5130;484;10
5131;484;11
5132;484;12
5133;484;13
5134;484;14
5135;484;15
5136;484;16
5137;485;01
5138;485;02
5139;485;03
5140;486;01
5141;486;02
5142;486;03
5143;486;04
5144;486;05
5145;486;06
5146;486;08
5147;486;09
5148;486;10
5149;486;11
5150;486;12
5151;486;13
5152;486;14
5153;486;15
5154;486;16
5155;486;17
5156;486;18
5157;486;19
5158;487;01
5159;487;02
5160;487;03
5161;487;04
5162;487;05
5163;488;01
5164;488;02
5165;488;03
5166;488;04
5167;488;05
5168;488;06
5169;488;07
5170;488;08
5171;489;01
5172;489;02
5173;489;03
5174;489;04
5175;489;05
5176;489;06
5177;490;01
5178;490;02
5179;490;03
5180;490;04
5181;490;05
5182;490;06
5183;491;01
5184;491;02
5185;491;03
5186;491;04
5187;492;01
5188;492;02
5189;492;03
5190;492;04
5191;493;01
5192;493;02
5193;493;03
5194;493;04
5195;493;05
5196;493;06
5197;493;07
5198;494;01
5199;494;02
5200;494;03
5201;495;01
5202;495;02
5203;495;03
5204;496;01
5205;496;02
5206;496;03
5207;496;04
5208;496;05
5209;497;01
5210;497;02
5211;497;03
5212;497;04
5213;498;01
5214;498;02
5215;498;03
5216;498;04
5217;498;05
5218;498;06
5219;498;07
5220;498;08
5221;499;01
5222;499;02
5223;499;03
5224;500;01
5225;500;02
5226;500;03
5227;500;04
5228;500;05
5229;500;06
5230;500;07
5231;500;08
5232;500;09
5233;501;01
5234;501;02
5235;501;03
5236;502;01
5237;502;02
5238;502;03
5239;502;04
5240;503;01
5241;503;02
5242;503;03
5243;504;01
5244;504;02
5245;504;03
5246;505;01
5247;505;02
5248;505;03
5249;506;01
5250;506;02
5251;506;03
5252;507;01
5253;507;02
5254;507;03
5255;507;04
5256;507;05
5257;507;06
5258;507;07
5259;507;08
5260;507;09
5261;507;10
5262;508;01
5263;508;02
5264;508;03
5265;508;04
5266;508;05
5267;508;06
5268;508;07
5269;508;08
5270;508;09
5271;508;10
5272;508;11
5273;508;12
5274;508;13
5275;508;14
5276;508;15
5277;508;16
5278;509;01
5279;509;02
5280;509;03
5281;509;04
5282;509;05
5283;509;06
5284;509;07
5285;510;01
5286;510;02
5287;510;03
5288;511;01
5289;511;02
5290;511;03
5291;512;01
5292;512;02
5293;512;03
5294;512;04
5295;513;01
5296;513;02
5297;513;03
5298;513;04
5299;513;05
5300;513;06
5301;513;07
5302;514;01
5303;514;02
5304;514;03
5305;514;04
5306;514;05
5307;514;06
5308;514;07
5309;514;08
5310;514;09
5311;514;10
5312;514;11
5313;514;12
5314;514;13
5315;514;14
5316;515;01
5317;515;02
5318;515;03
5319;515;04
5320;515;05
5321;516;01
5322;516;02
5323;516;03
5324;516;04
5325;516;05
5326;516;06
5327;516;07
5328;516;08
5329;516;09
5330;516;10
5331;516;11
5332;516;12
5333;516;13
5334;516;14
5335;517;01
5336;517;02
5337;517;03
5338;517;04
5339;517;05
5340;517;06
5341;518;01
5342;518;02
5343;518;03
5344;518;04
5345;518;05
5346;518;06
5347;518;07
5348;518;08
5349;518;09
5350;518;10
5351;518;11
5352;518;12
5353;518;13
5354;518;14
5355;518;15
5356;518;16
5357;518;17
5358;518;18
5359;518;19
5360;518;20
5361;518;21
5362;518;22
5363;518;23
5364;518;24
5365;518;25
5366;518;26
5367;518;27
5368;518;28
5369;518;29
5370;518;30
5371;519;01
5372;519;02
5373;519;03
5374;519;04
5375;519;05
5376;519;06
5377;519;07
5378;519;08
5379;519;09
5380;519;10
5381;519;11
5382;519;12
5383;520;01
5384;520;02
5385;520;03
5386;520;04
5387;521;01
5388;521;02
5389;521;03
5390;521;04
5391;521;05
5392;521;06
5393;521;07
5394;521;08
5395;521;09
5396;521;10
5397;522;01
5398;522;02
5399;522;03
5400;522;04
5401;523;01
5402;523;02
5403;523;03
5404;523;04
5405;523;05
5406;524;01
5407;524;02
5408;524;03
5409;524;04
5410;524;05
5411;524;06
5412;524;07
5413;524;08
5414;524;10
5415;524;11
5416;524;12
5417;524;13
5418;524;14
5419;525;01
5420;525;02
5421;525;03
5422;525;04
5423;525;05
5424;525;06
5425;525;07
5426;525;08
5427;526;01
5428;527;01
