path,artifact_family,period_coverage,size_bytes,sha256,row_count,column_count,schema_hash_header_sha256,producer,commit_evidence,status,availability,inspection_note
artifacts/models/clf1_2003_ARG,staged_model,2003,28747672,17fcac89aff675c8d7156e1df8aabc4932df914d8ff3f93d6296c4f20b25ee0d,,,,src/encuestador/entrenar_modelos.py,d9d8e01e80c3cbc3c41cb2c17e3f5ef9706b7152,model,tracked,inspected metadata only
artifacts/models/clf1_2004_ARG,staged_model,2004,38176835,6f181e04614c07888e169e24a203732b24d486d03f8a0a014923aab5917ff0f7,,,,src/encuestador/entrenar_modelos.py,d9d8e01e80c3cbc3c41cb2c17e3f5ef9706b7152,model,tracked,inspected metadata only
artifacts/models/clf1_2005_ARG,staged_model,2005,38251924,811f6caa7cc1d118087d951747c9ed0ab221d5d6307107da96552c251b751d77,,,,src/encuestador/entrenar_modelos.py,d9d8e01e80c3cbc3c41cb2c17e3f5ef9706b7152,model,tracked,inspected metadata only
artifacts/models/clf1_2006_ARG,staged_model,2006,40371709,4d041a56c407f8d3909265c317b3e6161f9eac105652afb183b98588fabf56ad,,,,src/encuestador/entrenar_modelos.py,d9d8e01e80c3cbc3c41cb2c17e3f5ef9706b7152,model,tracked,inspected metadata only
artifacts/models/clf1_2007_ARG,staged_model,2007,37338501,c4e01057b1c219602251c280099dc6a736b5bc2faa84e21ef1dc2bdfb989960e,,,,src/encuestador/entrenar_modelos.py,d9d8e01e80c3cbc3c41cb2c17e3f5ef9706b7152,model,tracked,inspected metadata only
artifacts/models/clf1_2008_ARG,staged_model,2008,40964561,909dca1f1efbfbb6004988dce9bdf8daa38fd63c0c3e39fcdb5ffb8269d04579,,,,src/encuestador/entrenar_modelos.py,d9d8e01e80c3cbc3c41cb2c17e3f5ef9706b7152,model,tracked,inspected metadata only
artifacts/models/clf1_2009_ARG,staged_model,2009,41596940,beb8e49f390650fc9ee3e6b0e01c39813dffea4023cf258196eba7976387c2bd,,,,src/encuestador/entrenar_modelos.py,d9d8e01e80c3cbc3c41cb2c17e3f5ef9706b7152,model,tracked,inspected metadata only
artifacts/models/clf1_2010_ARG,staged_model,2010,40636033,f83da72231837c7e78da4bd3b14320064477a8a5163cbb9fb6cbb53db680ee6d,,,,src/encuestador/entrenar_modelos.py,d9d8e01e80c3cbc3c41cb2c17e3f5ef9706b7152,model,tracked,inspected metadata only
artifacts/models/clf1_2011_ARG,staged_model,2011,40382643,39642f58d3b72886586d7dfa61d0fc3b16c241058603e85c984389c3bad834c7,,,,src/encuestador/entrenar_modelos.py,d9d8e01e80c3cbc3c41cb2c17e3f5ef9706b7152,model,tracked,inspected metadata only
artifacts/models/clf1_2012_ARG,staged_model,2012,40298313,6e035304593039dafcf8c0035522227472e3e277b89aeff7664dd64c0c6204c2,,,,src/encuestador/entrenar_modelos.py,d9d8e01e80c3cbc3c41cb2c17e3f5ef9706b7152,model,tracked,inspected metadata only
artifacts/models/clf1_2013_ARG,staged_model,2013,40462438,4e475affa7500a3b6c38860e0044c8b02753347c350cc4f0106f5657cad3181d,,,,src/encuestador/entrenar_modelos.py,d9d8e01e80c3cbc3c41cb2c17e3f5ef9706b7152,model,tracked,inspected metadata only
artifacts/models/clf1_2014_ARG,staged_model,2014,41817402,3c5818a440eba6c4aff7088b30cab0f1872c842c2e69a7f85d0023c3b9f00bf5,,,,src/encuestador/entrenar_modelos.py,d9d8e01e80c3cbc3c41cb2c17e3f5ef9706b7152,model,tracked,inspected metadata only
artifacts/models/clf1_2015_ARG,staged_model,2015,32301798,436f08058e5287ec6e4176f188e80d5dd043dbeced4da9c18cae3a0d820ecb20,,,,src/encuestador/entrenar_modelos.py,d9d8e01e80c3cbc3c41cb2c17e3f5ef9706b7152,model,tracked,inspected metadata only
artifacts/models/clf1_2016_ARG,staged_model,2016,36179850,e606a08ac25d653d3f780b73fa8ef24f31a3ab63cbba5d6911998fc4555dd821,,,,src/encuestador/entrenar_modelos.py,d9d8e01e80c3cbc3c41cb2c17e3f5ef9706b7152,model,tracked,inspected metadata only
artifacts/models/clf1_2017_ARG,staged_model,2017,40638273,3c99f1a341d356d54a4500cc5ade441d32ac4dd819cab3752f7508482047b980,,,,src/encuestador/entrenar_modelos.py,d9d8e01e80c3cbc3c41cb2c17e3f5ef9706b7152,model,tracked,inspected metadata only
artifacts/models/clf1_2018_ARG,staged_model,2018,40873608,89bc3759cfbe2533d2e21b1ee75b6fee86318f8261a847facc85fe93b35f865b,,,,src/encuestador/entrenar_modelos.py,d9d8e01e80c3cbc3c41cb2c17e3f5ef9706b7152,model,tracked,inspected metadata only
artifacts/models/clf1_2019_ARG,staged_model,2019,41706089,06bae3997a0b8fcb8b7acb36cf212132f87a1a658f85eb7e0d476e2f112d0802,,,,src/encuestador/entrenar_modelos.py,d9d8e01e80c3cbc3c41cb2c17e3f5ef9706b7152,model,tracked,inspected metadata only
artifacts/models/clf1_2020_ARG,staged_model,2020,37432019,953e3b84c0cec129823fdc5d66744d41f9b8698dddb85f21f19baba4e366cc3f,,,,src/encuestador/entrenar_modelos.py,d9d8e01e80c3cbc3c41cb2c17e3f5ef9706b7152,model,tracked,inspected metadata only
artifacts/models/clf1_2021_ARG,staged_model,2021,38832966,6befe9f97afa93c192c9c912926acfd34f6150a7e7b3b03fe3ec5b2221fa058d,,,,src/encuestador/entrenar_modelos.py,d9d8e01e80c3cbc3c41cb2c17e3f5ef9706b7152,model,tracked,inspected metadata only
artifacts/models/clf1_2022_ARG,staged_model,2022,5025380,d82778d279718d86f18e97d925b4005e7c9bd99e49b7cdc9157a2adb05cbf223,,,,src/encuestador/entrenar_modelos.py,d9d8e01e80c3cbc3c41cb2c17e3f5ef9706b7152,model,tracked,inspected metadata only
artifacts/models/clf1_2023_ARG,staged_model,2023,5084920,eb1dd46994c62cec76786936f63bc27d3b4eb9cf11ad225f3d25b9903c24a12b,,,,src/encuestador/entrenar_modelos.py,d9d8e01e80c3cbc3c41cb2c17e3f5ef9706b7152,model,tracked,inspected metadata only
artifacts/models/clf1_2024_ARG,staged_model,2024,4982429,c268ebf6910e0bd4ea0122ffd4bb6afea859a468c94ae86f1bc4d01257abc041,,,,src/encuestador/entrenar_modelos.py,d9d8e01e80c3cbc3c41cb2c17e3f5ef9706b7152,model,tracked,inspected metadata only
artifacts/models/clf1_2025_ARG,staged_model,2025,3722828,b7c7db1984604bf3623a5a1e678e92550ae97cb0d0b721623ae44d1a4760047b,,,,src/encuestador/entrenar_modelos.py,d9d8e01e80c3cbc3c41cb2c17e3f5ef9706b7152,model,tracked,inspected metadata only
artifacts/models/clf2_2003_ARG,staged_model,2003,14942523,9d38b67bd77b77e79c5312889c126b0bc731591496d746009795f6cbf72bd526,,,,src/encuestador/entrenar_modelos.py,d9d8e01e80c3cbc3c41cb2c17e3f5ef9706b7152,model,tracked,inspected metadata only
artifacts/models/clf2_2004_ARG,staged_model,2004,22527656,37453461ddcc5856e5f3e7ab1c07e78428bfe5361b5a831a10252350970d588d,,,,src/encuestador/entrenar_modelos.py,d9d8e01e80c3cbc3c41cb2c17e3f5ef9706b7152,model,tracked,inspected metadata only
artifacts/models/clf2_2005_ARG,staged_model,2005,21739612,b6f276660349376e97c32cb54f17f570749a1dd34dfa78d8bff2518219a41c49,,,,src/encuestador/entrenar_modelos.py,d9d8e01e80c3cbc3c41cb2c17e3f5ef9706b7152,model,tracked,inspected metadata only
artifacts/models/clf2_2006_ARG,staged_model,2006,24500602,cf0a76688dd0362f7d45f9cbe12eedce9b4141982ad15b75e411fee412245b6c,,,,src/encuestador/entrenar_modelos.py,d9d8e01e80c3cbc3c41cb2c17e3f5ef9706b7152,model,tracked,inspected metadata only
artifacts/models/clf2_2007_ARG,staged_model,2007,22199799,2d33fb1de83506a63fa8aad0615e512a82f3a86b835f5e772cc07e957daf85db,,,,src/encuestador/entrenar_modelos.py,d9d8e01e80c3cbc3c41cb2c17e3f5ef9706b7152,model,tracked,inspected metadata only
artifacts/models/clf2_2008_ARG,staged_model,2008,24855170,61306603821eaf4f67ae1123b80bc475f046283252e8924c89fc77d7816ac938,,,,src/encuestador/entrenar_modelos.py,d9d8e01e80c3cbc3c41cb2c17e3f5ef9706b7152,model,tracked,inspected metadata only
artifacts/models/clf2_2009_ARG,staged_model,2009,24687483,b1143e278090f34a609c0ea8c761cd16ebc5b91389a77311b2f98be946c057a6,,,,src/encuestador/entrenar_modelos.py,d9d8e01e80c3cbc3c41cb2c17e3f5ef9706b7152,model,tracked,inspected metadata only
artifacts/models/clf2_2010_ARG,staged_model,2010,24947397,f9af44396c148ccf95f35ac00e2d9d7d578908b0ae0946183b26aa9c4cd0730c,,,,src/encuestador/entrenar_modelos.py,d9d8e01e80c3cbc3c41cb2c17e3f5ef9706b7152,model,tracked,inspected metadata only
artifacts/models/clf2_2011_ARG,staged_model,2011,24375207,326dee052b2b6cc732d001db0ee57d8a9a40a59ebd2b287aefcad503c2b9776b,,,,src/encuestador/entrenar_modelos.py,d9d8e01e80c3cbc3c41cb2c17e3f5ef9706b7152,model,tracked,inspected metadata only
artifacts/models/clf2_2012_ARG,staged_model,2012,23064821,a93cbae93d1f190d8be67863055970f33a764b903f02bc96717ef376d42e03d0,,,,src/encuestador/entrenar_modelos.py,d9d8e01e80c3cbc3c41cb2c17e3f5ef9706b7152,model,tracked,inspected metadata only
artifacts/models/clf2_2013_ARG,staged_model,2013,22100402,5b080ed1f65a72bf5bc7f8be02ebd02b2ce36529a29ce8666b8d8178b92dac45,,,,src/encuestador/entrenar_modelos.py,d9d8e01e80c3cbc3c41cb2c17e3f5ef9706b7152,model,tracked,inspected metadata only
artifacts/models/clf2_2014_ARG,staged_model,2014,24537610,8ddf475d7ed657a4a1b443edb75d5dafa16433e879805cfad711342063752086,,,,src/encuestador/entrenar_modelos.py,d9d8e01e80c3cbc3c41cb2c17e3f5ef9706b7152,model,tracked,inspected metadata only
artifacts/models/clf2_2015_ARG,staged_model,2015,17902127,311762b5d0d8b896f12473422bc56885748dc00b1887d86a448b422554fadcd7,,,,src/encuestador/entrenar_modelos.py,d9d8e01e80c3cbc3c41cb2c17e3f5ef9706b7152,model,tracked,inspected metadata only
artifacts/models/clf2_2016_ARG,staged_model,2016,20527916,1857564377beb318a52f7b1a561b0b546d3fb2be55c4b0f5ea0178265a03c475,,,,src/encuestador/entrenar_modelos.py,d9d8e01e80c3cbc3c41cb2c17e3f5ef9706b7152,model,tracked,inspected metadata only
artifacts/models/clf2_2017_ARG,staged_model,2017,24468558,e3ececc91e273a8c6a6255af8ea41dc136aa0583fe5422da3ba12409b3212bf5,,,,src/encuestador/entrenar_modelos.py,d9d8e01e80c3cbc3c41cb2c17e3f5ef9706b7152,model,tracked,inspected metadata only
artifacts/models/clf2_2018_ARG,staged_model,2018,24149311,a71040a9576c7b4184d0e090b5d36ccbb70dbc6fbad80ba652ad4b1008cfdfb9,,,,src/encuestador/entrenar_modelos.py,d9d8e01e80c3cbc3c41cb2c17e3f5ef9706b7152,model,tracked,inspected metadata only
artifacts/models/clf2_2019_ARG,staged_model,2019,25059201,5ba94890f3ecd247a9c637fe8bd1255c5d9763752e41ee6ef169b5a67c5025f4,,,,src/encuestador/entrenar_modelos.py,d9d8e01e80c3cbc3c41cb2c17e3f5ef9706b7152,model,tracked,inspected metadata only
artifacts/models/clf2_2020_ARG,staged_model,2020,23930757,f8661cb7816810cb6a3a3bd2313336a739af67e4fb39c235c4d583b6a2225fa0,,,,src/encuestador/entrenar_modelos.py,d9d8e01e80c3cbc3c41cb2c17e3f5ef9706b7152,model,tracked,inspected metadata only
artifacts/models/clf2_2021_ARG,staged_model,2021,22020918,8364c99e77772559cd46252dcd704b84ead6103889cea89aba25068399692048,,,,src/encuestador/entrenar_modelos.py,d9d8e01e80c3cbc3c41cb2c17e3f5ef9706b7152,model,tracked,inspected metadata only
artifacts/models/clf2_2022_ARG,staged_model,2022,3756611,b5a4931857dde861f75837c52e9c529d2f5b2d82ba7c20230f3889e5fcaaca3e,,,,src/encuestador/entrenar_modelos.py,d9d8e01e80c3cbc3c41cb2c17e3f5ef9706b7152,model,tracked,inspected metadata only
artifacts/models/clf2_2023_ARG,staged_model,2023,4047678,6cdbf79137729bba3d490b2ce0814c80ac6285960cf1e76971cf26ae57721956,,,,src/encuestador/entrenar_modelos.py,d9d8e01e80c3cbc3c41cb2c17e3f5ef9706b7152,model,tracked,inspected metadata only
artifacts/models/clf2_2024_ARG,staged_model,2024,4312678,8432cf7ed2c4fe12edb6a87e109b72ea0854579816c876f023952016e6bae051,,,,src/encuestador/entrenar_modelos.py,d9d8e01e80c3cbc3c41cb2c17e3f5ef9706b7152,model,tracked,inspected metadata only
artifacts/models/clf2_2025_ARG,staged_model,2025,3038141,1a200e53c40bdc442bbd067bff759df221e333c454fcf2977fbbc2ec74315a34,,,,src/encuestador/entrenar_modelos.py,d9d8e01e80c3cbc3c41cb2c17e3f5ef9706b7152,model,tracked,inspected metadata only
artifacts/models/clf3_2003_ARG,staged_model,2003,11732404,d3461942062d466536a4cd41441bec6282a0c41ea584fcc732ad7a17ef05d712,,,,src/encuestador/entrenar_modelos.py,d9d8e01e80c3cbc3c41cb2c17e3f5ef9706b7152,model,tracked,inspected metadata only
artifacts/models/clf3_2004_ARG,staged_model,2004,15662267,8b8054aaa0fa1cb1535393dbaddfa808238f9ce3ebb3c4b0334eec09b70f4000,,,,src/encuestador/entrenar_modelos.py,d9d8e01e80c3cbc3c41cb2c17e3f5ef9706b7152,model,tracked,inspected metadata only
artifacts/models/clf3_2005_ARG,staged_model,2005,14793698,643a190cb675fb6062401689a767e555f05dc23c47bfeb73b9f23919c6277a27,,,,src/encuestador/entrenar_modelos.py,d9d8e01e80c3cbc3c41cb2c17e3f5ef9706b7152,model,tracked,inspected metadata only
artifacts/models/clf3_2006_ARG,staged_model,2006,15982959,a5060520212208b32e6f1f5688284bff0916d2f5a70577c17128a6f978f3d072,,,,src/encuestador/entrenar_modelos.py,d9d8e01e80c3cbc3c41cb2c17e3f5ef9706b7152,model,tracked,inspected metadata only
artifacts/models/clf3_2007_ARG,staged_model,2007,14829953,a05466205f7d4b803da5e9836dcdfbbb0d15752d0b1793887e24b605b3553223,,,,src/encuestador/entrenar_modelos.py,d9d8e01e80c3cbc3c41cb2c17e3f5ef9706b7152,model,tracked,inspected metadata only
artifacts/models/clf3_2008_ARG,staged_model,2008,16350899,0e4e3da5a071c79bdb7b97a24d6f7e4a6b6d2aa1990f8582c16b4adb730316db,,,,src/encuestador/entrenar_modelos.py,d9d8e01e80c3cbc3c41cb2c17e3f5ef9706b7152,model,tracked,inspected metadata only
artifacts/models/clf3_2009_ARG,staged_model,2009,15628090,fdcbb0bc0a83f5300c93431e5d8f38125fb3e7144a1576117a044e4e1f9083f8,,,,src/encuestador/entrenar_modelos.py,d9d8e01e80c3cbc3c41cb2c17e3f5ef9706b7152,model,tracked,inspected metadata only
artifacts/models/clf3_2010_ARG,staged_model,2010,15904211,20441e06e29aeeea7d3dcd9a563ceaa2b6406a41352d1dfff2f65dd8210bfa75,,,,src/encuestador/entrenar_modelos.py,d9d8e01e80c3cbc3c41cb2c17e3f5ef9706b7152,model,tracked,inspected metadata only
artifacts/models/clf3_2011_ARG,staged_model,2011,15205648,c604275ca53fb1d82a80fe512d121b00e1ed461365772ca32d4ab66c62517482,,,,src/encuestador/entrenar_modelos.py,d9d8e01e80c3cbc3c41cb2c17e3f5ef9706b7152,model,tracked,inspected metadata only
artifacts/models/clf3_2012_ARG,staged_model,2012,15388157,dd1bb2ee52f3d4414ed9319cb60dbfae266d8316432b26503db09b19cee880ff,,,,src/encuestador/entrenar_modelos.py,d9d8e01e80c3cbc3c41cb2c17e3f5ef9706b7152,model,tracked,inspected metadata only
artifacts/models/clf3_2013_ARG,staged_model,2013,15259299,fb70a0ccee3daa4164129fabf52dc61d1520213622496fe47a4222415b5318ea,,,,src/encuestador/entrenar_modelos.py,d9d8e01e80c3cbc3c41cb2c17e3f5ef9706b7152,model,tracked,inspected metadata only
artifacts/models/clf3_2014_ARG,staged_model,2014,15473225,6170c42add6d44d6e4324f936959d8ef8710048b39d09bf02df2adcedf0bcd08,,,,src/encuestador/entrenar_modelos.py,d9d8e01e80c3cbc3c41cb2c17e3f5ef9706b7152,model,tracked,inspected metadata only
artifacts/models/clf3_2015_ARG,staged_model,2015,12069158,91e80f67ca56157c614de89a751bac8a3d43b8c4247940994569fa05f4ee1039,,,,src/encuestador/entrenar_modelos.py,d9d8e01e80c3cbc3c41cb2c17e3f5ef9706b7152,model,tracked,inspected metadata only
artifacts/models/clf3_2015_ARG_bkp,staged_model,2015,11753051,2437dfb9b4c006c00a0393a549847fe1a5fc094111894e178222f1daba7da0c0,,,,src/encuestador/entrenar_modelos.py,d9d8e01e80c3cbc3c41cb2c17e3f5ef9706b7152,model,tracked,inspected metadata only
artifacts/models/clf3_2016_ARG,staged_model,2016,13021721,41a75700b196f180c6839139fb96879f2e23c748840846ea4d6ee5bab0423bcd,,,,src/encuestador/entrenar_modelos.py,d9d8e01e80c3cbc3c41cb2c17e3f5ef9706b7152,model,tracked,inspected metadata only
artifacts/models/clf3_2017_ARG,staged_model,2017,14827348,ffa5cd2de3de0bb05b4496d3aff5e1f16e369eadd313317bc8fb64118288d54b,,,,src/encuestador/entrenar_modelos.py,d9d8e01e80c3cbc3c41cb2c17e3f5ef9706b7152,model,tracked,inspected metadata only
artifacts/models/clf3_2018_ARG,staged_model,2018,14790179,cbad58c01c074b0bbb960787a1d9551e24223d8ee3c6866dce340ce31748e89d,,,,src/encuestador/entrenar_modelos.py,d9d8e01e80c3cbc3c41cb2c17e3f5ef9706b7152,model,tracked,inspected metadata only
artifacts/models/clf3_2019_ARG,staged_model,2019,14842663,9beba905d75c90a4a5e6a08012a5d141bd2565b50f16ac9d6215b2cfffb5b2ed,,,,src/encuestador/entrenar_modelos.py,d9d8e01e80c3cbc3c41cb2c17e3f5ef9706b7152,model,tracked,inspected metadata only
artifacts/models/clf3_2020_ARG,staged_model,2020,13910970,d690c2c77f9d030ed3a920c7c407731ad208afe01b2ec6e1e806e4178a2220e3,,,,src/encuestador/entrenar_modelos.py,d9d8e01e80c3cbc3c41cb2c17e3f5ef9706b7152,model,tracked,inspected metadata only
artifacts/models/clf3_2021_ARG,staged_model,2021,14405017,7ad93f001766ddda9604107ef5d591337828a87d945991ce5a0892ca59754ed5,,,,src/encuestador/entrenar_modelos.py,d9d8e01e80c3cbc3c41cb2c17e3f5ef9706b7152,model,tracked,inspected metadata only
artifacts/models/clf3_2022_ARG,staged_model,2022,2188547,26d119860777abaa3f170f00d3aed90adaa198efee0d9c1b878126160e07ef6b,,,,src/encuestador/entrenar_modelos.py,d9d8e01e80c3cbc3c41cb2c17e3f5ef9706b7152,model,tracked,inspected metadata only
artifacts/models/clf3_2023_ARG,staged_model,2023,2366094,563e98be0da5881c95dcbb0ceaee0cc5df5c454ad63c14ec5867ca5ad916c60a,,,,src/encuestador/entrenar_modelos.py,d9d8e01e80c3cbc3c41cb2c17e3f5ef9706b7152,model,tracked,inspected metadata only
artifacts/models/clf3_2024_ARG,staged_model,2024,2502275,0fa3ea4c5edf9709712c1acf3d52baa19bad5296b5011267cbefc0b41023e00d,,,,src/encuestador/entrenar_modelos.py,d9d8e01e80c3cbc3c41cb2c17e3f5ef9706b7152,model,tracked,inspected metadata only
artifacts/models/clf3_2025_ARG,staged_model,2025,1800653,baf9b9b92c64db93a4dbf8aa373c57b77a3361582ffbb80b65c1f16755c12c99,,,,src/encuestador/entrenar_modelos.py,d9d8e01e80c3cbc3c41cb2c17e3f5ef9706b7152,model,tracked,inspected metadata only
artifacts/models/clf4_2003-08-15_ARG,staged_model,2003,481624,4372046b0d5ffddf25ccf71c1b4b1109be7fe1633cdc8c6e4e9ad20248016e6b,,,,src/encuestador/entrenar_modelos.py,d9d8e01e80c3cbc3c41cb2c17e3f5ef9706b7152,model,tracked,inspected metadata only
artifacts/models/clf4_2003-11-15_ARG,staged_model,2003,524368,71bb9d09e69beb452728d7acbc736715e9115c08c6d0816c5e07a6d83fb64127,,,,src/encuestador/entrenar_modelos.py,d9d8e01e80c3cbc3c41cb2c17e3f5ef9706b7152,model,tracked,inspected metadata only
artifacts/models/clf4_2004-02-15_ARG,staged_model,2004,522399,88d66c8ddd763a70da314526d4b85058828214abbfe03cddee721cc49736bb2c,,,,src/encuestador/entrenar_modelos.py,d9d8e01e80c3cbc3c41cb2c17e3f5ef9706b7152,model,tracked,inspected metadata only
artifacts/models/clf4_2004-05-15_ARG,staged_model,2004,527539,7cb9e0cd8191914b944781325db54757d288f41a49c9a660f1c0d7be7623e7dc,,,,src/encuestador/entrenar_modelos.py,d9d8e01e80c3cbc3c41cb2c17e3f5ef9706b7152,model,tracked,inspected metadata only
artifacts/models/clf4_2004-08-15_ARG,staged_model,2004,563577,65bc8aff3d8399750e44076ffd7bef2a18c85f7c2cd109926c27a67ccf1102cb,,,,src/encuestador/entrenar_modelos.py,d9d8e01e80c3cbc3c41cb2c17e3f5ef9706b7152,model,tracked,inspected metadata only
artifacts/models/clf4_2004-11-15_ARG,staged_model,2004,563957,0bf5fbd47e2e01fb578b3356e25d4c035398803397ce312323f807a98ed8f5a1,,,,src/encuestador/entrenar_modelos.py,d9d8e01e80c3cbc3c41cb2c17e3f5ef9706b7152,model,tracked,inspected metadata only
artifacts/models/clf4_2005-02-15_ARG,staged_model,2005,522142,7313f761652971983ece58c95ae9be7034e2fd17c0f8b722ddba51ec66d5a829,,,,src/encuestador/entrenar_modelos.py,d9d8e01e80c3cbc3c41cb2c17e3f5ef9706b7152,model,tracked,inspected metadata only
artifacts/models/clf4_2005-05-15_ARG,staged_model,2005,529742,f67c3cf18ab5e88166c55a75ec0282894a542c3f5c70e9bc6cecc1c6b7d8a2cd,,,,src/encuestador/entrenar_modelos.py,d9d8e01e80c3cbc3c41cb2c17e3f5ef9706b7152,model,tracked,inspected metadata only
artifacts/models/clf4_2005-08-15_ARG,staged_model,2005,565689,a3c412c38d7d01c0b74c01aeab28000f2d197608c399feddc1ea2ff16148b7da,,,,src/encuestador/entrenar_modelos.py,d9d8e01e80c3cbc3c41cb2c17e3f5ef9706b7152,model,tracked,inspected metadata only
artifacts/models/clf4_2005-11-15_ARG,staged_model,2005,560938,36267467f37543f1245d66b8d0615ab285a3108a3ae2e2b5953ce3114eb78963,,,,src/encuestador/entrenar_modelos.py,d9d8e01e80c3cbc3c41cb2c17e3f5ef9706b7152,model,tracked,inspected metadata only
artifacts/models/clf4_2006-02-15_ARG,staged_model,2006,588514,e168d59c261831c7b90280604d90155b928d28136fe0b73f42db85065f13199e,,,,src/encuestador/entrenar_modelos.py,d9d8e01e80c3cbc3c41cb2c17e3f5ef9706b7152,model,tracked,inspected metadata only
artifacts/models/clf4_2006-05-15_ARG,staged_model,2006,563828,38b0ca415bf1271e1d5e96af8c15a83cb7099d8e9a36afa318155b3150654d1d,,,,src/encuestador/entrenar_modelos.py,d9d8e01e80c3cbc3c41cb2c17e3f5ef9706b7152,model,tracked,inspected metadata only
artifacts/models/clf4_2006-08-15_ARG,staged_model,2006,696756,9aae8f474a47b713c26094c7b31c9681cb706c701c9ca12e831589c68e2f7868,,,,src/encuestador/entrenar_modelos.py,d9d8e01e80c3cbc3c41cb2c17e3f5ef9706b7152,model,tracked,inspected metadata only
artifacts/models/clf4_2006-11-15_ARG,staged_model,2006,646634,eed0d87797a294d3d471963dc7717592982f70f2d3dbeb5c60832da10fc4ce42,,,,src/encuestador/entrenar_modelos.py,d9d8e01e80c3cbc3c41cb2c17e3f5ef9706b7152,model,tracked,inspected metadata only
artifacts/models/clf4_2007-02-15_ARG,staged_model,2007,715976,23dd0bd78eead5ce20511d426a1b63d61ee35f5c32d2834803a6c1b83f0444ec,,,,src/encuestador/entrenar_modelos.py,d9d8e01e80c3cbc3c41cb2c17e3f5ef9706b7152,model,tracked,inspected metadata only
artifacts/models/clf4_2007-05-15_ARG,staged_model,2007,702804,0f413c5486549fdeb749bffc970c51ee2ba1216dac89f8508280234a5be9872e,,,,src/encuestador/entrenar_modelos.py,d9d8e01e80c3cbc3c41cb2c17e3f5ef9706b7152,model,tracked,inspected metadata only
artifacts/models/clf4_2007-11-15_ARG,staged_model,2007,711481,9e6f78dff7c6071461f2b5d7ad1e465b263f158aa71f5176471cf429b19b883d,,,,src/encuestador/entrenar_modelos.py,d9d8e01e80c3cbc3c41cb2c17e3f5ef9706b7152,model,tracked,inspected metadata only
artifacts/models/clf4_2008-02-15_ARG,staged_model,2008,683866,e22de68da1aa6cf302c891372028bc5dd202b26d3b5092a9271ee0f7eaa4a322,,,,src/encuestador/entrenar_modelos.py,d9d8e01e80c3cbc3c41cb2c17e3f5ef9706b7152,model,tracked,inspected metadata only
artifacts/models/clf4_2008-05-15_ARG,staged_model,2008,634325,8d6401ed3eeb01bb6b27eeb6ade5e4836684c9180ca07ac7aa92da4def49f632,,,,src/encuestador/entrenar_modelos.py,d9d8e01e80c3cbc3c41cb2c17e3f5ef9706b7152,model,tracked,inspected metadata only
artifacts/models/clf4_2008-08-15_ARG,staged_model,2008,718530,3f082d2d9dde3bb5ef4090067e703709ce979f7eec831173d3013de70c1a033a,,,,src/encuestador/entrenar_modelos.py,d9d8e01e80c3cbc3c41cb2c17e3f5ef9706b7152,model,tracked,inspected metadata only
artifacts/models/clf4_2008-11-15_ARG,staged_model,2008,691976,61fb7ce0d3cafe1587324eae46e53b52f6e2e1871631a937b1a264065566cbae,,,,src/encuestador/entrenar_modelos.py,d9d8e01e80c3cbc3c41cb2c17e3f5ef9706b7152,model,tracked,inspected metadata only
artifacts/models/clf4_2009-02-15_ARG,staged_model,2009,711367,703437f2d1b7c2fd1fb0604cce53f5736ac401050532462ce4cd7e2d01fa13d9,,,,src/encuestador/entrenar_modelos.py,d9d8e01e80c3cbc3c41cb2c17e3f5ef9706b7152,model,tracked,inspected metadata only
artifacts/models/clf4_2009-05-15_ARG,staged_model,2009,647037,0f48c0e4b13becc008f597a8f2f3b3e85ce55939bf18251eb05d5483ec04c992,,,,src/encuestador/entrenar_modelos.py,d9d8e01e80c3cbc3c41cb2c17e3f5ef9706b7152,model,tracked,inspected metadata only
artifacts/models/clf4_2009-08-15_ARG,staged_model,2009,705976,ee2c33a264ac3fe53ce66296c0e8a9289de247e61559879b48d9604d15982025,,,,src/encuestador/entrenar_modelos.py,d9d8e01e80c3cbc3c41cb2c17e3f5ef9706b7152,model,tracked,inspected metadata only
artifacts/models/clf4_2009-11-15_ARG,staged_model,2009,687773,ab27169e4b664b89026b69015bfede4147d8c71b70510c53aef58b5c3a83687d,,,,src/encuestador/entrenar_modelos.py,d9d8e01e80c3cbc3c41cb2c17e3f5ef9706b7152,model,tracked,inspected metadata only
artifacts/models/clf4_2010-02-15_ARG,staged_model,2010,705342,35a0aa4ffdfc2bcbef665d184606afe913a21af919bab1ecfe70f8c40372c960,,,,src/encuestador/entrenar_modelos.py,d9d8e01e80c3cbc3c41cb2c17e3f5ef9706b7152,model,tracked,inspected metadata only
artifacts/models/clf4_2010-05-15_ARG,staged_model,2010,702243,c7f2410695c503cdb9d93c4f55688ef2fbd9cae8a421fd6bff43a9444d50f5f9,,,,src/encuestador/entrenar_modelos.py,d9d8e01e80c3cbc3c41cb2c17e3f5ef9706b7152,model,tracked,inspected metadata only
artifacts/models/clf4_2010-08-15_ARG,staged_model,2010,713107,28601656a4b608a0873c8a955de8283a3a8a054d3b289b3361191ceb82962301,,,,src/encuestador/entrenar_modelos.py,d9d8e01e80c3cbc3c41cb2c17e3f5ef9706b7152,model,tracked,inspected metadata only
artifacts/models/clf4_2010-11-15_ARG,staged_model,2010,650915,052e71a0fd5aac988d4f3e5443eeb250b57180bafe523785fd8697d0d40fee29,,,,src/encuestador/entrenar_modelos.py,d9d8e01e80c3cbc3c41cb2c17e3f5ef9706b7152,model,tracked,inspected metadata only
artifacts/models/clf4_2011-02-15_ARG,staged_model,2011,679825,2460e9dbdbd71d522337138973ff625a87f02d16ed5ffd2d7e86646c611e4332,,,,src/encuestador/entrenar_modelos.py,d9d8e01e80c3cbc3c41cb2c17e3f5ef9706b7152,model,tracked,inspected metadata only
artifacts/models/clf4_2011-05-15_ARG,staged_model,2011,708691,9a738b53395527fbb6d7fbbd476fd5e636a83688913e23c3fb3665e205140c37,,,,src/encuestador/entrenar_modelos.py,d9d8e01e80c3cbc3c41cb2c17e3f5ef9706b7152,model,tracked,inspected metadata only
artifacts/models/clf4_2011-08-15_ARG,staged_model,2011,695705,b066bd9414a7712d2b4087418a2f175be495d4fed83df122b383516b48ffe10a,,,,src/encuestador/entrenar_modelos.py,d9d8e01e80c3cbc3c41cb2c17e3f5ef9706b7152,model,tracked,inspected metadata only
artifacts/models/clf4_2011-11-15_ARG,staged_model,2011,688151,5bbdf32dfa8255c9641bb8c95c5c89f29be96dbd06179a9fe636c16b82224cf3,,,,src/encuestador/entrenar_modelos.py,d9d8e01e80c3cbc3c41cb2c17e3f5ef9706b7152,model,tracked,inspected metadata only
artifacts/models/clf4_2012-02-15_ARG,staged_model,2012,668595,9bcf660455b84965b1b94d198fc512771170ebcefc6a6cc59b747132da872387,,,,src/encuestador/entrenar_modelos.py,d9d8e01e80c3cbc3c41cb2c17e3f5ef9706b7152,model,tracked,inspected metadata only
artifacts/models/clf4_2012-05-15_ARG,staged_model,2012,681624,375f101157763e537f9dacfaf39214d22ba02f6c08832ba9e3bba0dc240b04d8,,,,src/encuestador/entrenar_modelos.py,d9d8e01e80c3cbc3c41cb2c17e3f5ef9706b7152,model,tracked,inspected metadata only
artifacts/models/clf4_2012-08-15_ARG,staged_model,2012,680696,8d8a2b98cb3c504b06386ba09516bbb5201485f2eca255373161db291aa0f516,,,,src/encuestador/entrenar_modelos.py,d9d8e01e80c3cbc3c41cb2c17e3f5ef9706b7152,model,tracked,inspected metadata only
artifacts/models/clf4_2012-11-15_ARG,staged_model,2012,640146,072bf63f091cc8710cb88315364c086fd71f9d23469bfa3cd6704c2729da5b5a,,,,src/encuestador/entrenar_modelos.py,d9d8e01e80c3cbc3c41cb2c17e3f5ef9706b7152,model,tracked,inspected metadata only
artifacts/models/clf4_2013-02-15_ARG,staged_model,2013,644200,665a256394d87f7df2b99a7425f7927aa44a9c69bb662dedf1bc25588c2c84d0,,,,src/encuestador/entrenar_modelos.py,d9d8e01e80c3cbc3c41cb2c17e3f5ef9706b7152,model,tracked,inspected metadata only
artifacts/models/clf4_2013-05-15_ARG,staged_model,2013,610165,fa4dc612bd8f7421ecf2e323cd5924d93a2cc92f32dfd7197b9863c3e784fa5f,,,,src/encuestador/entrenar_modelos.py,d9d8e01e80c3cbc3c41cb2c17e3f5ef9706b7152,model,tracked,inspected metadata only
artifacts/models/clf4_2013-08-15_ARG,staged_model,2013,732249,be1707e4fd93863ff4a5bd15f8ead034aaffa6a7f849ae6dd5d09c6b9014a783,,,,src/encuestador/entrenar_modelos.py,d9d8e01e80c3cbc3c41cb2c17e3f5ef9706b7152,model,tracked,inspected metadata only
artifacts/models/clf4_2013-11-15_ARG,staged_model,2013,630516,040f7e2322404a5984358af410fa8aad4fb932c73d405e0a00c759e6749e548f,,,,src/encuestador/entrenar_modelos.py,d9d8e01e80c3cbc3c41cb2c17e3f5ef9706b7152,model,tracked,inspected metadata only
artifacts/models/clf4_2014-02-15_ARG,staged_model,2014,681452,c0dddee94cb771337198189fb2c790f5a9790dc0775bd18c50d7376f0d39f8c4,,,,src/encuestador/entrenar_modelos.py,d9d8e01e80c3cbc3c41cb2c17e3f5ef9706b7152,model,tracked,inspected metadata only
artifacts/models/clf4_2014-05-15_ARG,staged_model,2014,684093,c1b7a0031b9c433ea981e16a86325426d0409af2839e16ebc6dd23c19080ed5d,,,,src/encuestador/entrenar_modelos.py,d9d8e01e80c3cbc3c41cb2c17e3f5ef9706b7152,model,tracked,inspected metadata only
artifacts/models/clf4_2014-08-15_ARG,staged_model,2014,658638,dcf7e63a4dcef3ed374f74005841a8f48066e2f9346d50519e814d3b117743ca,,,,src/encuestador/entrenar_modelos.py,d9d8e01e80c3cbc3c41cb2c17e3f5ef9706b7152,model,tracked,inspected metadata only
artifacts/models/clf4_2014-11-15_ARG,staged_model,2014,693795,f0f4255437c79cabe0e69bc0b4db6134d125a43b65762566e8c115b049358801,,,,src/encuestador/entrenar_modelos.py,d9d8e01e80c3cbc3c41cb2c17e3f5ef9706b7152,model,tracked,inspected metadata only
artifacts/models/clf4_2015-02-15_ARG,staged_model,2015,1577128,a0c6619d773925e4d92a2c6cb504ee057075ca1754bf3cbb6b575a0a62f0e0ee,,,,src/encuestador/entrenar_modelos.py,d9d8e01e80c3cbc3c41cb2c17e3f5ef9706b7152,model,tracked,inspected metadata only
artifacts/models/clf4_2015-02-15_ARG_bkp,staged_model,2015,1441785,60a65c9787f7e2963bef838149b30f50d54f866e80ce8a87122700dfba2a5244,,,,src/encuestador/entrenar_modelos.py,d9d8e01e80c3cbc3c41cb2c17e3f5ef9706b7152,model,tracked,inspected metadata only
artifacts/models/clf4_2015-05-15_ARG,staged_model,2015,1515172,555a93cfbda5eec566f2dcb34c1a4374a95a798d6878920b9d1de30e20e49e81,,,,src/encuestador/entrenar_modelos.py,d9d8e01e80c3cbc3c41cb2c17e3f5ef9706b7152,model,tracked,inspected metadata only
artifacts/models/clf4_2015-05-15_ARG_bkp,staged_model,2015,1373083,55a5ac08dd2cb2dc9c7ccfcf19185833bfe99b2fe3fb7f7232b48826b2ecaf72,,,,src/encuestador/entrenar_modelos.py,d9d8e01e80c3cbc3c41cb2c17e3f5ef9706b7152,model,tracked,inspected metadata only
artifacts/models/clf4_2016-05-15_ARG,staged_model,2016,1257820,2c0454f27d0afcc5614069b5a80c8fe8df1a03d26265afad64159b107c203124,,,,src/encuestador/entrenar_modelos.py,d9d8e01e80c3cbc3c41cb2c17e3f5ef9706b7152,model,tracked,inspected metadata only
artifacts/models/clf4_2016-08-15_ARG,staged_model,2016,1319561,e3d91794d5cd35a7bad7818a6fe616bc0d8e75bb48bfd60d719ee0c6e8ce77dd,,,,src/encuestador/entrenar_modelos.py,d9d8e01e80c3cbc3c41cb2c17e3f5ef9706b7152,model,tracked,inspected metadata only
artifacts/models/clf4_2016-11-15_ARG,staged_model,2016,1213791,55a3a89a815530a24bda59dbc2367808ded5b6163d19d946a12af4ef449f2aac,,,,src/encuestador/entrenar_modelos.py,d9d8e01e80c3cbc3c41cb2c17e3f5ef9706b7152,model,tracked,inspected metadata only
artifacts/models/clf4_2017-02-15_ARG,staged_model,2017,1297920,f7ff3f259af71bc3ceb038579a26a16407531edfebadd41d7001d6b38001e617,,,,src/encuestador/entrenar_modelos.py,d9d8e01e80c3cbc3c41cb2c17e3f5ef9706b7152,model,tracked,inspected metadata only
artifacts/models/clf4_2017-05-15_ARG,staged_model,2017,1276023,474213cec61ae1c470d954098fef55225f6d65defbe52a6b2aefc91ac4eb3057,,,,src/encuestador/entrenar_modelos.py,d9d8e01e80c3cbc3c41cb2c17e3f5ef9706b7152,model,tracked,inspected metadata only
artifacts/models/clf4_2017-08-15_ARG,staged_model,2017,1373468,9e3cd82330b0b861436baa78210321862ff37f3e8664ea83acde2d581e8fdcda,,,,src/encuestador/entrenar_modelos.py,d9d8e01e80c3cbc3c41cb2c17e3f5ef9706b7152,model,tracked,inspected metadata only
artifacts/models/clf4_2017-11-15_ARG,staged_model,2017,1297453,a4423ed249ba9abb4c6d746a9fa75edabf43dff3711da914e7729e99c6983650,,,,src/encuestador/entrenar_modelos.py,d9d8e01e80c3cbc3c41cb2c17e3f5ef9706b7152,model,tracked,inspected metadata only
artifacts/models/clf4_2018-02-15_ARG,staged_model,2018,1365016,17539508f0bb0bfa8761106f920a0929cd75015c5d477658f75078186afdae48,,,,src/encuestador/entrenar_modelos.py,d9d8e01e80c3cbc3c41cb2c17e3f5ef9706b7152,model,tracked,inspected metadata only
artifacts/models/clf4_2018-05-15_ARG,staged_model,2018,1296282,a13bbce420ab0f14d750eb95176d37202c67c2c855cf471896acfcce65ae5b19,,,,src/encuestador/entrenar_modelos.py,d9d8e01e80c3cbc3c41cb2c17e3f5ef9706b7152,model,tracked,inspected metadata only
artifacts/models/clf4_2018-08-15_ARG,staged_model,2018,1321398,7be4c38d50cf49383258f09ec4c7e5edb2b4fb902ceada2819afa24296822ac4,,,,src/encuestador/entrenar_modelos.py,d9d8e01e80c3cbc3c41cb2c17e3f5ef9706b7152,model,tracked,inspected metadata only
artifacts/models/clf4_2018-11-15_ARG,staged_model,2018,1306419,bad25bcd2ea338a045a41f3a27bba533f1f30d5f89249cdbd372efba5d146200,,,,src/encuestador/entrenar_modelos.py,d9d8e01e80c3cbc3c41cb2c17e3f5ef9706b7152,model,tracked,inspected metadata only
artifacts/models/clf4_2019-02-15_ARG,staged_model,2019,1449369,1bd7cceacf8aa4bea7adc02c2614a5b957fc425ee3bcc6c1820fa7d11a638576,,,,src/encuestador/entrenar_modelos.py,d9d8e01e80c3cbc3c41cb2c17e3f5ef9706b7152,model,tracked,inspected metadata only
artifacts/models/clf4_2019-05-15_ARG,staged_model,2019,1418165,78ec56a79ad3805036c7d5553de79afd25f453f4cfc35e0a2dbabcfa8e87bd27,,,,src/encuestador/entrenar_modelos.py,d9d8e01e80c3cbc3c41cb2c17e3f5ef9706b7152,model,tracked,inspected metadata only
artifacts/models/clf4_2019-08-15_ARG,staged_model,2019,1495407,6f739a403dc2dcb381070c2838211476b9dae6a4fca6bc7ca25d54dd638d5d38,,,,src/encuestador/entrenar_modelos.py,d9d8e01e80c3cbc3c41cb2c17e3f5ef9706b7152,model,tracked,inspected metadata only
artifacts/models/clf4_2019-11-15_ARG,staged_model,2019,1425023,b63b3b8d3b0fc5ccc29e380401800c672b2ffa582e1b98d50a5cb15430b759f7,,,,src/encuestador/entrenar_modelos.py,d9d8e01e80c3cbc3c41cb2c17e3f5ef9706b7152,model,tracked,inspected metadata only
artifacts/models/clf4_2020-02-15_ARG,staged_model,2020,1330400,e7eb73abc86f600faa9df5833f16d001f7a5474d717748a012eab36797011cdb,,,,src/encuestador/entrenar_modelos.py,d9d8e01e80c3cbc3c41cb2c17e3f5ef9706b7152,model,tracked,inspected metadata only
artifacts/models/clf4_2020-05-15_ARG,staged_model,2020,851334,beb4823e3533120c2fd6886d838f8a6bc26aa5948138b977b85503ce94b19fd5,,,,src/encuestador/entrenar_modelos.py,d9d8e01e80c3cbc3c41cb2c17e3f5ef9706b7152,model,tracked,inspected metadata only
artifacts/models/clf4_2020-08-15_ARG,staged_model,2020,1041594,a700ffa0138c9ede1fd46b824b74cd3da252ddb59297cf7909d12145fc2cfed7,,,,src/encuestador/entrenar_modelos.py,d9d8e01e80c3cbc3c41cb2c17e3f5ef9706b7152,model,tracked,inspected metadata only
artifacts/models/clf4_2020-11-15_ARG,staged_model,2020,1041364,218c17680ba35ddae0cf983601db6e7aff978cb20f3fc4c1d59740db90790488,,,,src/encuestador/entrenar_modelos.py,d9d8e01e80c3cbc3c41cb2c17e3f5ef9706b7152,model,tracked,inspected metadata only
artifacts/models/clf4_2021-02-15_ARG,staged_model,2021,1118371,b127281565482947e2766ca5235f83f67aa5b3530efa63365d1b35deac1cb364,,,,src/encuestador/entrenar_modelos.py,d9d8e01e80c3cbc3c41cb2c17e3f5ef9706b7152,model,tracked,inspected metadata only
artifacts/models/clf4_2021-05-15_ARG,staged_model,2021,1080204,0be61dc2f3da9d4161a9972d51246faa169bc3ac3495d52225927200eeb61d72,,,,src/encuestador/entrenar_modelos.py,d9d8e01e80c3cbc3c41cb2c17e3f5ef9706b7152,model,tracked,inspected metadata only
artifacts/models/clf4_2021-08-15_ARG,staged_model,2021,1199956,e6b4d5aa4a6849877b457b9a9abd39cb4b883442c8cd0ef6f5737826fcb42471,,,,src/encuestador/entrenar_modelos.py,d9d8e01e80c3cbc3c41cb2c17e3f5ef9706b7152,model,tracked,inspected metadata only
artifacts/models/clf4_2021-11-15_ARG,staged_model,2021,1170536,c2ff8e9aaa91e0919b2291f3c82437522f9b3888cac837316e0faae39291f04e,,,,src/encuestador/entrenar_modelos.py,d9d8e01e80c3cbc3c41cb2c17e3f5ef9706b7152,model,tracked,inspected metadata only
artifacts/models/clf4_2022-02-15_ARG,staged_model,2022,439727,20bfffbdc02ab64167ad858d0ff3530a9f4c91f0ca8fa653f4659b0c8106f8c6,,,,src/encuestador/entrenar_modelos.py,d9d8e01e80c3cbc3c41cb2c17e3f5ef9706b7152,model,tracked,inspected metadata only
artifacts/models/clf4_2022-05-15_ARG,staged_model,2022,416911,e1403e4a4373b10e5ea978e53d5d8eb4b2471acf6c84e2f795e9fcb3da3af0a5,,,,src/encuestador/entrenar_modelos.py,d9d8e01e80c3cbc3c41cb2c17e3f5ef9706b7152,model,tracked,inspected metadata only
artifacts/models/clf4_2022-08-15_ARG,staged_model,2022,437376,4218e009e43d350d6ccc53582124aac6581d05ece5535f2a68b676633ab59376,,,,src/encuestador/entrenar_modelos.py,d9d8e01e80c3cbc3c41cb2c17e3f5ef9706b7152,model,tracked,inspected metadata only
artifacts/models/clf4_2022-11-15_ARG,staged_model,2022,394557,d73818d4ea64cff938f5ab1a7ed7f301e93b766d502167120bce264cfc242834,,,,src/encuestador/entrenar_modelos.py,d9d8e01e80c3cbc3c41cb2c17e3f5ef9706b7152,model,tracked,inspected metadata only
artifacts/models/clf4_2023-02-15_ARG,staged_model,2023,452368,4b68fe7afd3a1e68615b4d9bf5ca7089960dc72e79910fb8cc5fe9803a48c7d3,,,,src/encuestador/entrenar_modelos.py,d9d8e01e80c3cbc3c41cb2c17e3f5ef9706b7152,model,tracked,inspected metadata only
artifacts/models/clf4_2023-05-15_ARG,staged_model,2023,496463,1e4c65763da6eb162f35308fd7fdc6321a5071176a4e1e5d77940b9390dad102,,,,src/encuestador/entrenar_modelos.py,d9d8e01e80c3cbc3c41cb2c17e3f5ef9706b7152,model,tracked,inspected metadata only
artifacts/models/clf4_2023-08-15_ARG,staged_model,2023,479365,00269c06013f02b5fb56b7e8151eb8098018944bfe99447a1928858a0d1f5304,,,,src/encuestador/entrenar_modelos.py,d9d8e01e80c3cbc3c41cb2c17e3f5ef9706b7152,model,tracked,inspected metadata only
artifacts/models/clf4_2023-11-15_ARG,staged_model,2023,481480,75031580e8f15a2a6ebc796e1092c8ae9129ca2c97278a4dac7eea06e61134b0,,,,src/encuestador/entrenar_modelos.py,d9d8e01e80c3cbc3c41cb2c17e3f5ef9706b7152,model,tracked,inspected metadata only
artifacts/models/clf4_2024-02-15_ARG,staged_model,2024,473005,1c5b939a5fe310d9f8e3bb7608403a24a82e13ae79c8f9f2628ac478b0537446,,,,src/encuestador/entrenar_modelos.py,d9d8e01e80c3cbc3c41cb2c17e3f5ef9706b7152,model,tracked,inspected metadata only
artifacts/models/clf4_2024-05-15_ARG,staged_model,2024,462936,bfc6df0eb17ea61b0ff7c032ac4ea420fe9509f65bc578f06b2a1444e10010e7,,,,src/encuestador/entrenar_modelos.py,d9d8e01e80c3cbc3c41cb2c17e3f5ef9706b7152,model,tracked,inspected metadata only
artifacts/models/clf4_2024-08-15_ARG,staged_model,2024,487193,5f29df815e79db6338ff7c6b47bb7dcb5631677856d1a9f2c902200be00526c0,,,,src/encuestador/entrenar_modelos.py,d9d8e01e80c3cbc3c41cb2c17e3f5ef9706b7152,model,tracked,inspected metadata only
artifacts/models/clf4_2024-11-15_ARG,staged_model,2024,453159,098df558179072f1bae3bdea4206186e3151a3adf520e1c78977f6c6aa77e5b3,,,,src/encuestador/entrenar_modelos.py,d9d8e01e80c3cbc3c41cb2c17e3f5ef9706b7152,model,tracked,inspected metadata only
artifacts/models/clf4_2025-02-15_ARG,staged_model,2025,460095,c0874ec6d0376801031cfd194c5f5e07f0d733ef3dc5c696f7b164dd0209830c,,,,src/encuestador/entrenar_modelos.py,d9d8e01e80c3cbc3c41cb2c17e3f5ef9706b7152,model,tracked,inspected metadata only
data/info/AGLO_rk,geographic_rank,,9728,960223830d64d66cfa31c72cf235686f48bab02c4a0fa508523149552a28bd90,,,,src/encuestador/recalcular_rankings.py,957edacdffe7e5165298bc7a367aee434f7dbf8f,rank,tracked,inspected metadata only
data/info/AGLO_rk.csv,geographic_rank,,922,97a8b62ed2741aa574c3536ea0a559604fd5483133196ac1728cf2cb85e5999e,66,3,b6a0a119bc1979f9600f77ddabd2a8f5af5ca75cb8d1b08576828e46a5b90b55,src/encuestador/recalcular_rankings.py,7633b30b14d48666c03c3edc8cef659bec62a028,rank,tracked,inspected metadata only
data/info/Reg_rk,geographic_rank,,2725,5365f40f60c8f4a631d56fcf6be278a0bfe073e87413cd90dc253325811f7501,,,,src/encuestador/recalcular_rankings.py,957edacdffe7e5165298bc7a367aee434f7dbf8f,rank,tracked,inspected metadata only
data/info/Reg_rk.csv,geographic_rank,,391,7ffeb4d4e8b6ce2c1f4d69182a456214e2f496440eb379b571c0d214b1a27a45,12,4,9c6c4f2f334751cddb32720928c465e73ee9140c955322fa60d152fb8e0e2f29,src/encuestador/recalcular_rankings.py,7633b30b14d48666c03c3edc8cef659bec62a028,rank,tracked,inspected metadata only
data/training/EPHARG_train_22.csv,EPHARG_train,2022,40671992,05397f7e7c7ce174ffba4e17bcbbdfbbc5790d3e9aaebfb94b3a056908fc2dd3,189581,56,3f1e89078974c0aff2f4cef89740d6dac9e2c418d63433657465ef57182bcc3d,src/encuestador/preprocesar_datos.py,8698ba8174cc4bb73c4189f251b89835fc63ffd2,annual training/preprocessed input,tracked,inspected metadata only
data/training/EPHARG_train_23.csv,EPHARG_train,2023,48472766,1788a3d9829e7772829e9a99adafc51e2ad5c77406c3ef74b2f5f413a56ece4a,199766,56,3f1e89078974c0aff2f4cef89740d6dac9e2c418d63433657465ef57182bcc3d,src/encuestador/preprocesar_datos.py,cdb1fcf0f872c18b62979adc6717fef16c4e2931,annual training/preprocessed input,tracked,inspected metadata only
data/training/EPHARG_train_24.csv,EPHARG_train,2024,47050200,b8262193afd1a495f31b45d7fd72e795259829b5a1bc7084fa7741c5d4661d1f,198604,62,57cc47c4ab9641625559f7c65c7a9c92bd5b2562f8e854aedc2ec6fe65b88e82,src/encuestador/preprocesar_datos.py,193929f9645014bae8d11425ce71ece27b9b4e39,annual training/preprocessed input,tracked,inspected metadata only
data/training/EPHARG_train_25.csv,EPHARG_train,2025,10825302,460a6ee7b64eda71745fce2d3f069af903d1f747aa7b015079477aebe122d1e0,47950,62,57cc47c4ab9641625559f7c65c7a9c92bd5b2562f8e854aedc2ec6fe65b88e82,src/encuestador/preprocesar_datos.py,e5ad563d17088fc8e9e7aa98655084ee6f823931,annual training/preprocessed input,tracked,inspected metadata only
